{
   "CoverDetails": [],
   "TrailerDetails": [],
   "ClientDetails": {
      "ClientType": "0"  
   },
   "Policy": {
      "BusinessType": "5",
      "Cover_From": "09/09/2016",
      "Cover_To": "09/09/2017",
      "Branch_Code": "9202",
      "AgentName": "Direct",
      "productcode": "2311",
      "OtherSystemName": "1",
      "isMotorQuote": "false",
      "isMotorQuoteFlow": []
   },
   "Risk": {
      "VehicleMakeID": "192",
      "VehicleModelID": "19233",
      "Colour": [],
      "BodyType": [],
      "OtherColour": [],
      "GrossVehicleWeight": [],
      "CubicCapacity": [],
      "Zone": "A",
      "RTOLocationID": "381",
      "ExShowroomPrice": "362128",
      "IDV": "289702",
      "DateOfPurchase": "01/09/2015",
      "LicensedCarryingCapacity": [],
      "NoOfWheels": [],
      "PurposeOfUsage": [],
      "ManufactureMonth": "9",
      "ManufactureYear": "2015",
      "EngineNo": [],
      "Chassis": [],
      "TrailerIDV": [],
      "IsVehicleHypothicated": "false",
      "FinanceType": [],
      "FinancierName": [],
      "FinancierAddress": [],
      "FinancierCity": [],
      "IsRegAddressSameasCommAddress": "true",
      "IsRegAddressSameasPermanentAddress": "false",
      "IsPermanentAddressSameasCommAddress": "true",
      "IsInspectionAddressSameasCommAddress": [],
      "SalesManagerCode": "Direct",
      "SalesManagerName": "Direct",
      "VehicleVariant": "LX CNG",
      "StateOfRegistrationID": "17",
      "BodyIDV": "0",
      "ChassisIDV": "0",
      "Rto_State_City": [],
      "Rto_RegionCode": "KA-01"
   },
   "Vehicle": {
      "Registration_Number": "ZZ-00-ZZ-0000",
      "RegistrationNumber_New": [],
      "Registration_date": [],
      "RoadTypes": {
         "RoadType": {
            "RoadTypeID": [],
            "TypeOfRoad": []
         }
      },
      "Permit": {
         "PermitType": {
            "TypeOfPermit": []
         }
      },
      "SeatingCapacity": "5",
      "MiscTypeOfVehicle": [],
      "TypeOfFuel": "5",
      "MiscTypeOfVehicleID": [],
      "ISNewVehicle": "false"
   },
   "Cover": {
      "PACoverToNamedPassengerSI": "0",
      "IsPAToUnnamedPassengerCovered": "false",
      "NoOfUnnamedPassenegersCovered": "0",
      "UnnamedPassengersSI": "0",
      "IsRacingCovered": "false",
      "IsLossOfAccessoriesCovered": "false",
      "IsVoluntaryDeductableOpted": "false",
      "VoluntaryDeductableAmount": "0",
      "IsElectricalItemFitted": "false",
      "ElectricalItemsTotalSI": "0",
      "IsNonElectricalItemFitted": "false",
      "NonElectricalItemsTotalSI": "0",
      "IsGeographicalAreaExtended": "false",
      "IsBiFuelKit": "false",
      "BiFuelKitSi": "0",
      "IsAutomobileAssociationMember": "false",
      "IsVehicleMadeInIndia": "false",
      "IsUsedForDrivingTuition": "false",
      "IsInsuredAnIndividual": "false",
      "IsIndividualAlreadyInsured": "false",
      "IsPAToOwnerDriverCoverd": "true",
      "ISLegalLiabilityToDefenceOfficialDriverCovered": "false",
      "IsLiabilityToPaidDriverCovered": "true",
      "IsLiabilityToEmployeeCovered": "false",
      "IsPAToDriverCovered": "false",
      "IsPAToPaidCleanerCovered": "false",
      "IsAdditionalTowingCover": "false",
      "IsLegalLiabilityToCleanerCovered": "false",
      "IsLegalLiabilityToNonFarePayingPassengersCovered": "false",
      "IsLegalLiabilityToCoolieCovered": "false",
      "IsCoveredForDamagedPortion": "false",
      "IsImportedVehicle": "false",
      "IsFibreGlassFuelTankFitted": "false",
      "IsConfinedToOwnPremisesCovered": "false",
      "IsAntiTheftDeviceFitted": "false",
      "IsTPPDLiabilityRestricted": "false",
      "IsTPPDCover": "true",
      "IsBasicODCoverage": "true",
      "IsBasicLiability": "true",
      "IsUseOfVehiclesConfined": "false",
      "IsTotalCover": "false",
      "IsRegistrationCover": "false",
      "IsRoadTaxcover": "false",
      "IsInsurancePremium": "false",
      "IsCoverageoFTyreBumps": "false",
      "IsImportedVehicleCover": "false",
      "IsVehicleDesignedAsCV": "false",
      "IsWorkmenCompensationExcludingDriver": "false",
      "IsLiabilityForAccidentsInclude": "false",
      "IsLiabilityForAccidentsExclude": "false",
      "IsLiabilitytoCoolie": "false",
      "IsLiabilitytoCleaner": "false",
      "IsLiabilityToConductor": "false",
      "IsPAToConductorCovered": "false",
      "IsNFPPIncludingEmployees": "false",
      "IsNFPPExcludingEmployees": "false",
      "IsNCBRetention": "false",
      "IsHandicappedDiscount": "false",
      "IsTrailerAttached": "false",
      "cAdditionalCompulsoryExcess": "0",
      "iNumberOfLegalLiabilityCoveredPaidDrivers": "0",
      "NoOfLiabilityCoveredEmployees": "0",
      "PAToDriverSI": "0",
      "PAToCleanerSI": "0",
      "NumberOfPACoveredPaidDrivers": "0",
      "NoOfPAtoPaidCleanerCovered": "0",
      "AdditionalTowingCharge": "0",
      "NoOfLegalLiabilityCoveredCleaners": "0",
      "NoOfLegalLiabilityCoveredNonFarePayingPassengers": "0",
      "NoOfLegalLiabilityCoveredCoolies": "0",
      "iNoOfLegalLiabilityCoveredPeopleOtherThanPaidDriver": "0",
      "ISLegalLiabilityToConductorCovered": "false",
      "NoOfLegalLiabilityCoveredConductors": "0",
      "PAToConductorSI": "0",
      "CompulsoryDeductible": "0",
      "PACoverToOwnerDriver": "0",
      "ElectricItems": {
         "ElectricalItems": {
            "ElectricalItemsID": [],
            "PolicyId": [],
            "SerialNo": [],
            "MakeModel": [],
            "ElectricPremium": [],
            "Description": [],
            "ElectricalAccessorySlNo": [],
            "SumInsured": "0"
         }
      },
      "NonElectricItems": {
         "NonElectricalItems": {
            "NonElectricalItemsID": [],
            "PolicyID": [],
            "SerialNo": [],
            "MakeModel": [],
            "NonElectricPremium": [],
            "Description": [],
            "Category": [],
            "NonElectricalAccessorySlNo": [],
            "SumInsured": []
         }
      },
      "BasicODCoverage": {
         "BasicODCoverage": {
            "IsMandatory": "false",
            "IsChecked": "false",
            "NoOfItems": [],
            "PackageName": []
         }
      },
      "GeographicalExtension": {
         "GeographicalExtension": {
            "Countries": [],
            "IsMandatory": "false",
            "IsChecked": "false"
         }
      },
      "BifuelKit": {
         "BifuelKit": {
            "IsChecked": "false",
            "ISLpgCng": "false",
            "SumInsured": "0"
         }
      },
      "DrivingTuitionCoverage": {
         "DrivingTuitionCoverage": {
            "IsMandatory": "false",
            "IsChecked": "false",
            "NoOfItems": [],
            "PackageName": []
         }
      },
      "FibreGlassFuelTank": {
         "FibreGlassFuelTank": {
            "IsMandatory": "false",
            "IsChecked": "false",
            "NoOfItems": [],
            "PackageName": []
         }
      },
      "AdditionalTowingCoverage": {
         "AdditionalTowingCoverage": {
            "IsMandatory": "false",
            "PolicyCoverID": [],
            "SumInsured": "0",
            "IsChecked": "false",
            "NoOfItems": [],
            "PackageName": []
         }
      },
      "VoluntaryDeductible": {
         "VoluntaryDeductible": {
            "IsMandatory": "false",
            "PolicyCoverID": [],
            "SumInsured": "0",
            "IsChecked": "false",
            "NoOfItems": [],
            "PackageName": []
         }
      },
      "AntiTheftDeviceDiscount": {
         "AntiTheftDeviceDiscount": {
            "IsMandatory": "false",
            "IsChecked": "false",
            "NoOfItems": [],
            "PackageName": []
         }
      },
      "SpeciallyDesignedforChallengedPerson": {
         "SpeciallyDesignedforChallengedPerson": {
            "IsMandatory": "false",
            "IsChecked": "false",
            "NoOfItems": [],
            "PackageName": []
         }
      },
      "AutomobileAssociationMembershipDiscount": {
         "AutomobileAssociationMembershipDiscount": {
            "IsMandatory": "false",
            "IsChecked": "false",
            "NoOfItems": [],
            "PackageName": []
         }
      },
      "UseOfVehiclesConfined": {
         "UseOfVehiclesConfined": {
            "IsMandatory": "false",
            "IsChecked": "false",
            "NoOfItems": [],
            "PackageName": []
         }
      },
      "TotalCover": {
         "TotalCover": {
            "IsMandatory": "false",
            "IsChecked": "false",
            "NoOfItems": [],
            "PackageName": []
         }
      },
      "RegistrationCost": {
         "RegistrationCost": {
            "IsMandatory": "false",
            "IsChecked": "false",
            "NoOfItems": [],
            "PackageName": [],
            "SumInsured": "0"
         }
      },
      "RoadTax": {
         "RoadTax": {
            "IsMandatory": "false",
            "IsChecked": "false",
            "NoOfItems": [],
            "PackageName": [],
            "SumInsured": "0",
            "PolicyCoverID": []
         }
      },
      "InsurancePremium": {
         "InsurancePremium": {
            "IsMandatory": "false",
            "IsChecked": "false",
            "NoOfItems": [],
            "PackageName": []
         }
      },
      "NilDepreciationCoverage": {
         "NilDepreciationCoverage": {
            "IsMandatory": "false",
            "IsChecked": "false",
            "NoOfItems": [],
            "PackageName": [],
            "PolicyCoverID": [],
            "ApplicableRate": []
         }
      },
      "BasicLiability": {
         "BasicLiability": {
            "IsMandatory": "false",
            "IsChecked": "false",
            "NoOfItems": [],
            "PackageName": []
         }
      },
      "TPPDCover": {
         "TPPDCover": {
            "IsMandatory": "false",
            "PolicyCoverID": [],
            "SumInsured": "0",
            "IsChecked": "false",
            "NoOfItems": [],
            "PackageName": []
         }
      },
      "PACoverToOwner": {
         "PACoverToOwner": {
            "IsMandatory": "false",
            "IsChecked": "false",
            "NoOfItems": [],
            "PackageName": [],
            "AppointeeName": [],
            "NomineeName": [],
            "NomineeDOB": [],
            "NomineeRelationship": [],
            "NomineeAddress": ",,,,,",
            "OtherRelation": []
         }
      },
      "PAToNamedPassenger": {
         "PAToNamedPassenger": {
            "IsMandatory": "false",
            "IsChecked": "false",
            "NoOfItems": [],
            "PackageName": [],
            "SumInsured": [],
            "PassengerName": [],
            "NomineeName": [],
            "NomineeDOB": [],
            "NomineeRelationship": [],
            "NomineeAddress": [],
            "OtherRelation": [],
            "AppointeeName": []
         }
      },
      "PAToUnNamedPassenger": {
         "PAToUnNamedPassenger": {
            "IsMandatory": "false",
            "IsChecked": "false",
            "NoOfItems": [],
            "PackageName": [],
            "PolicyCoverID": [],
            "SumInsured": "0"
         }
      },
      "PAToPaidDriver": {
         "PAToPaidDriver": {
            "IsMandatory": "false",
            "IsChecked": "false",
            "NoOfItems": [],
            "PackageName": [],
            "PolicyCoverID": [],
            "SumInsured": "0"
         }
      },
      "PAToPaidCleaner": {
         "PAToPaidCleaner": {
            "IsMandatory": "false",
            "IsChecked": "false",
            "NoOfItems": [],
            "PackageName": [],
            "PolicyCoverID": [],
            "SumInsured": "0"
         }
      },
      "LiabilityToPaidDriver": {
         "LiabilityToPaidDriver": {
            "IsMandatory": "false",
            "IsChecked": "true",
            "NoOfItems": 1,
            "PackageName": [],
            "PolicyCoverID": []
         }
      },
      "LiabilityToEmployee": {
         "LiabilityToEmployee": {
            "IsMandatory": "false",
            "IsChecked": "false",
            "NoOfItems": [],
            "PackageName": [],
            "PolicyCoverID": []
         }
      },
      "NFPPIncludingEmployees": {
         "NFPPIncludingEmployees": {
            "IsMandatory": "false",
            "IsChecked": "false",
            "NoOfItems": "0"
         }
      },
      "NFPPExcludingEmployees": {
         "NFPPExcludingEmployees": {
            "IsMandatory": "false",
            "IsChecked": "false",
            "NoOfItems": []
         }
      },
      "WorkmenCompensationExcludingDriver": {
         "WorkmenCompensationExcludingDriver": {
            "IsMandatory": "false",
            "IsChecked": "false",
            "NoOfItems": "0"
         }
      },
      "PAToConductor": {
         "PAToConductor": {
            "IsMandatory": "false",
            "IsChecked": "false",
            "NoOfItems": [],
            "SumInsured": []
         }
      },
      "LiabilityToConductor": {
         "LiabilityToConductor": {
            "IsMandatory": "false",
            "IsChecked": "false",
            "NoOfItems": "0"
         }
      },
      "LiabilitytoCoolie": {
         "LiabilitytoCoolie": {
            "IsMandatory": "false",
            "IsChecked": "false",
            "NoOfItems": "0"
         }
      },
      "LegalLiabilitytoCleaner": [],
      "IndemnityToHirer": {
         "IndemnityToHirer": {
            "IsMandatory": "false",
            "IsChecked": "false",
            "NoOfItems": []
         }
      },
      "TrailerDetails": {
         "TrailerInfo": {
            "MakeandModel": [],
            "IDV": "1",
            "Registration_No": [],
            "ChassisNumber": [],
            "ManufactureYear": [],
            "SerialNumber": []
         }
      },
      "BifuelKitLiability": [],
      "BifuelKitTP": [],
      "HiredVehicleDrivenByHirer": [],
      "ODDiscount": [],
      "ODLoading": [],
      "SecurePlus": [],
      "SecurePremium": [],
      "TrailerLiability": [],
      "SideCar": [],
      "SideCarDiscount": [],
      "SideCarLiability": [],
      "GeoExtension": [],
      "CommercialVehicleUsedAsPrivate": [],
      "CommercialVehicleUsedAsPrivateLiability": [],
      "Imt23LampOrTyreTubeOrHeadlight": [],
      "LegalLiabToFarePayingPassenger": [],
      "LiabilityToPersonEmployedForLoadUnloading": [],
      "DrivingTuitionLiabilityCoverage": [],
      "IndemnityToHirerLiability": [],
      "OverTurningCovered": [],
      "ImportedVehicleCover": [],
      "IMT32DefenceOfficialCoverage": [],
      "RelaibilityTrialsAndRallies": [],
      "LossOfAccessoriesCovered": [],
      "IsSpeciallyDesignedForHandicapped": "false",
      "IsPAToNamedPassenger": "false",
      "IsOverTurningCovered": "false",
      "IsLLToPersonsEmployedInOperations_PaidDriverCovered": "false",
      "NoOfLLToPersonsEmployedInOperations_PaidDriver": "0",
      "IsLLToPersonsEmployedInOperations_CleanerConductorCoolieCovered": "false",
      "NoOfLLToPersonsEmployedInOperations_CleanerConductorCoolie": "0",
      "IsLLUnderWCActForCarriageOfMoreThanSixEmpCovered": "false",
      "NoOfLLUnderWCAct": "1",
      "IsLLToNFPPNotWorkmenUnderWCAct": "false",
      "NoOfLLToNFPPNotWorkmenUnderWCAct": "0",
      "IsIndemnityToHirerCovered": "false",
      "IsAccidentToPassengerCovered": "false",
      "NoOfAccidentToPassengerCovered": "0",
      "IsNilDepreciation": "false",
      "IsDetariffRateForOverturning": "false",
      "IsAddOnCoverforTowing": "false",
      "AddOnCoverTowingCharge": "0",
      "NCBRetentiontRate": [],
      "EMIprotectionCover": [],
      "AutomobileAssociationName": [],
      "AutomobileAssociationNo": [],
      "AutomobileAssociationExpiryDate": []
   },
   "PreviousInsuranceDetails": {
      "PrevInsuranceID": [],
      "IsVehicleOfPreviousPolicySold": [],
      "IsNCBApplicable": "true",
      "PrevYearInsurer": "0",
      "PrevYearPolicyNo": [],
      "PrevYearInsurerAddress": [],
      "DocumentProof": [],
      "PrevYearPolicyType": [],
      "PrevYearPolicyStartDate": "09/09/2015",
      "MTAReason": [],
      "PrevYearPolicyEndDate": "08/09/2016",
      "PrevYearNCB": "0",
      "IsInspectionDone": "false",
      "InspectionDate": [],
      "Inspectionby": [],
      "InspectorName": [],
      "IsNCBEarnedAbroad": "false",
      "ODLoading": [],
      "IsClaimedLastYear": "false",
      "ODLoadingReason": [],
      "PreRateCharged": [],
      "PreSpecialTermsAndConditions": [],
      "IsTrailerNCB": "false",
      "InspectionID": []
   },
   "ProductCode": "2311",
   "UserID": "14BRG281B05",
   "NCBEligibility": {
      "NCBEligibilityCriteria": "2",
      "NCBReservingLetter": [],
      "PreviousNCB": "0",
      "CurrentNCB": []
   },
   "LstCoveragePremium": [],
   "SourceSystemID": "14BRG281B05",
   "AuthToken": "TTIBL30052018"
}
