{
   "CoverDetails": [],
   "TrailerDetails": [],
   "ClientDetails": {
      "ClientType": "0",
      "LastName": "TEST",
      "MidName": [],
      "ForeName": "qatest",
      "CorporateName": [],
      "OccupationID": "2055",
      "DOB": "02/05/1985",
      "Gender": "0",
      "PhoneNo": [],
      "MobileNo": "9884051292",
      "ClientAddress": {
         "RegistrationAddress": {
            "AddressType": "0",
            "Address1": "13,PETERS COLONY",
            "Address2": "TAREDO,SATYAM",
            "Address3": [],
            "CityID": "238881",
            "DistrictID": "321",
            "StateID": "21",
            "Pincode": "400034",
            "Country": "India",
            "NearestLandmark": []
         },
         "CommunicationAddress": {
            "AddressType": "0",
            "Address1": "13,PETERS COLONY",
            "Address2": "TAREDO,SATYAM",
            "Address3": [],
            "CityID": "238881",
            "DistrictID": "321",
            "StateID": "21",
            "Pincode": "400034",
            "Country": "India",
            "NearestLandmark": []
         },
         "PermanentAddress": {
            "AddressType": "0",
            "Address1": "13,PETERS COLONY",
            "Address2": "TAREDO,SATYAM",
            "Address3": [],
            "CityID": "238881",
            "DistrictID": "321",
            "StateID": "21",
            "Pincode": "400034",
            "Country": "India",
            "NearestLandmark": []
         }
      },
      "EmailID": "qatest@bankbazaar.com",
      "Salutation": "Ms.",
      "MaritalStatus": "1951",
      "Nationality": "1949"
   },
   "Policy": {
      "BusinessType": "5",
      "Cover_From": "31/03/2016",
      "Branch_Code": "9202",
      "AgentName": "Direct",
      "productcode": "2311",
      "OtherSystemName": "1",
      "isMotorQuote": "false",
      "isMotorQuoteFlow": []
   },
   "Risk": {
      "VehicleMakeID": "192",
      "VehicleModelID": "8129",
      "CubicCapacity": "1197",
      "Zone": "B",
      "RTOLocationID": "571",
      "ExShowroomPrice": "489120",
      "IDV": "308146",
      "DateOfPurchase": "23/03/2014",
      "ManufactureMonth": "03",
      "ManufactureYear": "2014",
      "EngineNo": "H22AM03737",
      "Chassis": "WAULT68E74A207781",
      "IsVehicleHypothicated": "false",
      "FinanceType": [],
      "FinancierName": [],
      "FinancierAddress": [],
      "FinancierCity": [],
      "IsRegAddressSameasCommAddress": "true",
      "IsPermanentAddressSameasCommAddress": "true",
      "IsRegAddressSameasPermanentAddress": "true",
      "VehicleVariant": "LXI 1.2 BS-IV",
      "StateOfRegistrationID": "21",
      "Rto_RegionCode": "MH01"
   },
   "Vehicle": {
      "Registration_Number": "MH-01-RT-5678",
      "ISNewVehicle": "false",
      "Registration_date": "23/03/2014",
      "SeatingCapacity": "5",
      "TypeOfFuel": "1"
   },
    "Cover": {
      "PACoverToNamedPassengerSI": "0",
      "IsPAToUnnamedPassengerCovered": "false",
      "NoOfUnnamedPassenegersCovered": "0",
      "UnnamedPassengersSI": "0",
      "IsRacingCovered": "false",
      "IsLossOfAccessoriesCovered": "false",
      "IsVoluntaryDeductableOpted": "false",
      "VoluntaryDeductableAmount": "0",
      "IsElectricalItemFitted": "false",
      "ElectricalItemsTotalSI": "0",
      "IsNonElectricalItemFitted": "false",
      "NonElectricalItemsTotalSI": "0",
      "IsGeographicalAreaExtended": "false",
      "IsBiFuelKit": "false",
      "BiFuelKitSi": "0",
      "IsAutomobileAssociationMember": "false",
      "IsVehicleMadeInIndia": "false",
      "IsUsedForDrivingTuition": "false",
      "IsInsuredAnIndividual": "false",
      "IsIndividualAlreadyInsured": "false",
      "IsPAToOwnerDriverCoverd": "true",
      "ISLegalLiabilityToDefenceOfficialDriverCovered": "false",
      "IsLiabilityToPaidDriverCovered": "true",
      "IsLiabilityToEmployeeCovered": "false",
      "IsPAToDriverCovered": "false",
      "IsPAToPaidCleanerCovered": "false",
      "IsAdditionalTowingCover": "false",
      "IsLegalLiabilityToCleanerCovered": "false",
      "IsLegalLiabilityToNonFarePayingPassengersCovered": "false",
      "IsLegalLiabilityToCoolieCovered": "false",
      "IsCoveredForDamagedPortion": "false",
      "IsImportedVehicle": "false",
      "IsFibreGlassFuelTankFitted": "false",
      "IsConfinedToOwnPremisesCovered": "false",
      "IsAntiTheftDeviceFitted": "false",
      "IsTPPDLiabilityRestricted": "false",
      "IsTPPDCover": "true",
      "IsBasicODCoverage": "true",
      "IsBasicLiability": "true",
      "IsUseOfVehiclesConfined": "false",
      "IsTotalCover": "false",
      "IsRegistrationCover": "false",
      "IsRoadTaxcover": "false",
      "IsInsurancePremium": "false",
      "IsCoverageoFTyreBumps": "false",
      "IsImportedVehicleCover": "false",
      "IsVehicleDesignedAsCV": "false",
      "IsWorkmenCompensationExcludingDriver": "false",
      "IsLiabilityForAccidentsInclude": "false",
      "IsLiabilityForAccidentsExclude": "false",
      "IsLiabilitytoCoolie": "false",
      "IsLiabilitytoCleaner": "false",
      "IsLiabilityToConductor": "false",
      "IsPAToConductorCovered": "false",
      "IsNFPPIncludingEmployees": "false",
      "IsNFPPExcludingEmployees": "false",
      "IsNCBRetention": "false",
      "IsHandicappedDiscount": "false",
      "IsTrailerAttached": "false",
      "cAdditionalCompulsoryExcess": "0",
      "iNumberOfLegalLiabilityCoveredPaidDrivers": "0",
      "NoOfLiabilityCoveredEmployees": "0",
      "PAToDriverSI": "0",
      "PAToCleanerSI": "0",
      "NumberOfPACoveredPaidDrivers": "0",
      "NoOfPAtoPaidCleanerCovered": "0",
      "AdditionalTowingCharge": "0",
      "NoOfLegalLiabilityCoveredCleaners": "0",
      "NoOfLegalLiabilityCoveredNonFarePayingPassengers": "0",
      "NoOfLegalLiabilityCoveredCoolies": "0",
      "iNoOfLegalLiabilityCoveredPeopleOtherThanPaidDriver": "0",
      "ISLegalLiabilityToConductorCovered": "false",
      "NoOfLegalLiabilityCoveredConductors": "0",
      "PAToConductorSI": "0",
      "CompulsoryDeductible": "0",
      "PACoverToOwnerDriver": "0",
      "ElectricItems": {
         "ElectricalItems": {
            "ElectricalItemsID": [],
            "PolicyId": [],
            "SerialNo": [],
            "MakeModel": [],
            "ElectricPremium": [],
            "Description": [],
            "ElectricalAccessorySlNo": [],
            "SumInsured": "0"
         }
      },
      "NonElectricItems": {
         "NonElectricalItems": {
            "NonElectricalItemsID": [],
            "PolicyID": [],
            "SerialNo": [],
            "MakeModel": [],
            "NonElectricPremium": [],
            "Description": [],
            "Category": [],
            "NonElectricalAccessorySlNo": [],
            "SumInsured": []
         }
      },
      "BasicODCoverage": {
         "BasicODCoverage": {
            "IsMandatory": "false",
            "IsChecked": "false",
            "NoOfItems": [],
            "PackageName": []
         }
      },
      "GeographicalExtension": {
         "GeographicalExtension": {
            "Countries": [],
            "IsMandatory": "false",
            "IsChecked": "false"
         }
      },
      "BifuelKit": {
         "BifuelKit": {
            "IsChecked": "false",
            "ISLpgCng": "false",
            "SumInsured": "0"
         }
      },
      "DrivingTuitionCoverage": {
         "DrivingTuitionCoverage": {
            "IsMandatory": "false",
            "IsChecked": "false",
            "NoOfItems": [],
            "PackageName": []
         }
      },
      "FibreGlassFuelTank": {
         "FibreGlassFuelTank": {
            "IsMandatory": "false",
            "IsChecked": "false",
            "NoOfItems": [],
            "PackageName": []
         }
      },
      "AdditionalTowingCoverage": {
         "AdditionalTowingCoverage": {
            "IsMandatory": "false",
            "PolicyCoverID": [],
            "SumInsured": "0",
            "IsChecked": "false",
            "NoOfItems": [],
            "PackageName": []
         }
      },
      "VoluntaryDeductible": {
         "VoluntaryDeductible": {
            "IsMandatory": "false",
            "PolicyCoverID": [],
            "SumInsured": "0",
            "IsChecked": "false",
            "NoOfItems": [],
            "PackageName": []
         }
      },
      "AntiTheftDeviceDiscount": {
         "AntiTheftDeviceDiscount": {
            "IsMandatory": "false",
            "IsChecked": "false",
            "NoOfItems": [],
            "PackageName": []
         }
      },
      "SpeciallyDesignedforChallengedPerson": {
         "SpeciallyDesignedforChallengedPerson": {
            "IsMandatory": "false",
            "IsChecked": "false",
            "NoOfItems": [],
            "PackageName": []
         }
      },
      "AutomobileAssociationMembershipDiscount": {
         "AutomobileAssociationMembershipDiscount": {
            "IsMandatory": "false",
            "IsChecked": "false",
            "NoOfItems": [],
            "PackageName": []
         }
      },
      "UseOfVehiclesConfined": {
         "UseOfVehiclesConfined": {
            "IsMandatory": "false",
            "IsChecked": "false",
            "NoOfItems": [],
            "PackageName": []
         }
      },
      "TotalCover": {
         "TotalCover": {
            "IsMandatory": "false",
            "IsChecked": "false",
            "NoOfItems": [],
            "PackageName": []
         }
      },
      "RegistrationCost": {
         "RegistrationCost": {
            "IsMandatory": "false",
            "IsChecked": "false",
            "NoOfItems": [],
            "PackageName": [],
            "SumInsured": "0"
         }
      },
      "RoadTax": {
         "RoadTax": {
            "IsMandatory": "false",
            "IsChecked": "false",
            "NoOfItems": [],
            "PackageName": [],
            "SumInsured": "0",
            "PolicyCoverID": []
         }
      },
      "InsurancePremium": {
         "InsurancePremium": {
            "IsMandatory": "false",
            "IsChecked": "false",
            "NoOfItems": [],
            "PackageName": []
         }
      },
      "NilDepreciationCoverage": {
         "NilDepreciationCoverage": {
            "IsMandatory": "false",
            "IsChecked": "false",
            "NoOfItems": [],
            "PackageName": [],
            "PolicyCoverID": [],
            "ApplicableRate": []
         }
      },
      "BasicLiability": {
         "BasicLiability": {
            "IsMandatory": "false",
            "IsChecked": "false",
            "NoOfItems": [],
            "PackageName": []
         }
      },
      "TPPDCover": {
         "TPPDCover": {
            "IsMandatory": "false",
            "PolicyCoverID": [],
            "SumInsured": "0",
            "IsChecked": "false",
            "NoOfItems": [],
            "PackageName": []
         }
      },
      "PACoverToOwner": {
         "PACoverToOwner": {
            "IsMandatory": "false",
            "IsChecked": "false",
            "NoOfItems": [],
            "PackageName": [],
            "AppointeeName": [],
            "NomineeName": [],
            "NomineeDOB": [],
            "NomineeRelationship": [],
            "NomineeAddress": ",,,,,",
            "OtherRelation": []
         }
      },
      "PAToNamedPassenger": {
         "PAToNamedPassenger": {
            "IsMandatory": "false",
            "IsChecked": "false",
            "NoOfItems": [],
            "PackageName": [],
            "SumInsured": [],
            "PassengerName": [],
            "NomineeName": [],
            "NomineeDOB": [],
            "NomineeRelationship": [],
            "NomineeAddress": [],
            "OtherRelation": [],
            "AppointeeName": []
         }
      },
      "PAToUnNamedPassenger": {
         "PAToUnNamedPassenger": {
            "IsMandatory": "false",
            "IsChecked": "false",
            "NoOfItems": [],
            "PackageName": [],
            "PolicyCoverID": [],
            "SumInsured": "0"
         }
      },
      "PAToPaidDriver": {
         "PAToPaidDriver": {
            "IsMandatory": "false",
            "IsChecked": "false",
            "NoOfItems": [],
            "PackageName": [],
            "PolicyCoverID": [],
            "SumInsured": "0"
         }
      },
      "PAToPaidCleaner": {
         "PAToPaidCleaner": {
            "IsMandatory": "false",
            "IsChecked": "false",
            "NoOfItems": [],
            "PackageName": [],
            "PolicyCoverID": [],
            "SumInsured": "0"
         }
      },
      "LiabilityToPaidDriver": {
         "LiabilityToPaidDriver": {
            "IsMandatory": "false",
            "IsChecked": "true",
            "NoOfItems": 1,
            "PackageName": [],
            "PolicyCoverID": []
         }
      },
      "LiabilityToEmployee": {
         "LiabilityToEmployee": {
            "IsMandatory": "false",
            "IsChecked": "false",
            "NoOfItems": [],
            "PackageName": [],
            "PolicyCoverID": []
         }
      },
      "NFPPIncludingEmployees": {
         "NFPPIncludingEmployees": {
            "IsMandatory": "false",
            "IsChecked": "false",
            "NoOfItems": "0"
         }
      },
      "NFPPExcludingEmployees": {
         "NFPPExcludingEmployees": {
            "IsMandatory": "false",
            "IsChecked": "false",
            "NoOfItems": []
         }
      },
      "WorkmenCompensationExcludingDriver": {
         "WorkmenCompensationExcludingDriver": {
            "IsMandatory": "false",
            "IsChecked": "false",
            "NoOfItems": "0"
         }
      },
      "PAToConductor": {
         "PAToConductor": {
            "IsMandatory": "false",
            "IsChecked": "false",
            "NoOfItems": [],
            "SumInsured": []
         }
      },
      "LiabilityToConductor": {
         "LiabilityToConductor": {
            "IsMandatory": "false",
            "IsChecked": "false",
            "NoOfItems": "0"
         }
      },
      "LiabilitytoCoolie": {
         "LiabilitytoCoolie": {
            "IsMandatory": "false",
            "IsChecked": "false",
            "NoOfItems": "0"
         }
      },
      "LegalLiabilitytoCleaner": [],
      "IndemnityToHirer": {
         "IndemnityToHirer": {
            "IsMandatory": "false",
            "IsChecked": "false",
            "NoOfItems": []
         }
      },
      "TrailerDetails": {
         "TrailerInfo": {
            "MakeandModel": [],
            "IDV": "1",
            "Registration_No": [],
            "ChassisNumber": [],
            "ManufactureYear": [],
            "SerialNumber": []
         }
      },
      "BifuelKitLiability": [],
      "BifuelKitTP": [],
      "HiredVehicleDrivenByHirer": [],
      "ODDiscount": [],
      "ODLoading": [],
      "SecurePlus": [],
      "SecurePremium": [],
      "TrailerLiability": [],
      "SideCar": [],
      "SideCarDiscount": [],
      "SideCarLiability": [],
      "GeoExtension": [],
      "CommercialVehicleUsedAsPrivate": [],
      "CommercialVehicleUsedAsPrivateLiability": [],
      "Imt23LampOrTyreTubeOrHeadlight": [],
      "LegalLiabToFarePayingPassenger": [],
      "LiabilityToPersonEmployedForLoadUnloading": [],
      "DrivingTuitionLiabilityCoverage": [],
      "IndemnityToHirerLiability": [],
      "OverTurningCovered": [],
      "ImportedVehicleCover": [],
      "IMT32DefenceOfficialCoverage": [],
      "RelaibilityTrialsAndRallies": [],
      "LossOfAccessoriesCovered": [],
      "IsSpeciallyDesignedForHandicapped": "false",
      "IsPAToNamedPassenger": "false",
      "IsOverTurningCovered": "false",
      "IsLLToPersonsEmployedInOperations_PaidDriverCovered": "false",
      "NoOfLLToPersonsEmployedInOperations_PaidDriver": "0",
      "IsLLToPersonsEmployedInOperations_CleanerConductorCoolieCovered": "false",
      "NoOfLLToPersonsEmployedInOperations_CleanerConductorCoolie": "0",
      "IsLLUnderWCActForCarriageOfMoreThanSixEmpCovered": "false",
      "NoOfLLUnderWCAct": "1",
      "IsLLToNFPPNotWorkmenUnderWCAct": "false",
      "NoOfLLToNFPPNotWorkmenUnderWCAct": "0",
      "IsIndemnityToHirerCovered": "false",
      "IsAccidentToPassengerCovered": "false",
      "NoOfAccidentToPassengerCovered": "0",
      "IsNilDepreciation": "false",
      "IsDetariffRateForOverturning": "false",
      "IsAddOnCoverforTowing": "false",
      "AddOnCoverTowingCharge": "0",
      "NCBRetentiontRate": [],
      "EMIprotectionCover": [],
      "AutomobileAssociationName": [],
      "AutomobileAssociationNo": [],
      "AutomobileAssociationExpiryDate": []
   },
   "PreviousInsuranceDetails": {
      "PrevYearInsurer": "41",
      "PrevYearPolicyNo": "DHSKDHSDG39864872534",
      "PrevYearPolicyStartDate": "31/03/2015",
      "PrevYearPolicyEndDate": "30/03/2016"
   },
   "NCBEligibility": {
      "IsNCBApplicable": "true",
      "NCBEligibilityCriteria": "2",
      "PreviousNCB": "0",
      "CurrentNCB": []
   },
   "UserID": "14BRG281B05",
   "ProductCode": "2311",
   "SourceSystemID": "14BRG281B05",
   "AuthToken": "TTIBL30052018"
}
