<xsd:partyDOList>
                  <xsd:birthDt>{DOB}</xsd:birthDt>
                  <xsd:firstName>{FNAME}</xsd:firstName>
                  <xsd:genderCd>{GENDER}</xsd:genderCd>
                  <xsd:guid>{GUID}</xsd:guid>
                  <xsd:lastName>{LNAME}</xsd:lastName>
                  <xsd:partyAddressDOList>
                     <xsd:addressLine1Lang1>{ADDR1}</xsd:addressLine1Lang1>
                     <xsd:addressLine2Lang1>{ADDR2}</xsd:addressLine2Lang1>
                     <xsd:addressTypeCd>PERMANENT</xsd:addressTypeCd>
                     <xsd:areaCd>{AREA}</xsd:areaCd>
                     <xsd:cityCd>{CITY}</xsd:cityCd>
                     <xsd:pinCode>{PINCODE}</xsd:pinCode>
                     <xsd:stateCd>{STATE}</xsd:stateCd>
                     <xsd:countryCd>IND</xsd:countryCd>
                  </xsd:partyAddressDOList>
                  <xsd:partyAddressDOList>
                     <xsd:addressLine1Lang1>{ADDR1}</xsd:addressLine1Lang1>
                     <xsd:addressLine2Lang1>{ADDR2}</xsd:addressLine2Lang1>
                     <xsd:addressTypeCd>COMMUNICATION</xsd:addressTypeCd>
                     <xsd:areaCd>{AREA}</xsd:areaCd>
                     <xsd:cityCd>{CITY}</xsd:cityCd>
                     <xsd:pinCode>{PINCODE}</xsd:pinCode>
                     <xsd:stateCd>{STATE}</xsd:stateCd>
                     <xsd:countryCd>IND</xsd:countryCd>
                  </xsd:partyAddressDOList>
                  <xsd:partyContactDOList>
                     <xsd:contactNum>{MOBILE}</xsd:contactNum>
                     <xsd:contactTypeCd>MOBILE</xsd:contactTypeCd>
                     <xsd:stdCode>+91</xsd:stdCode>
                  </xsd:partyContactDOList>
                  <xsd:partyEmailDOList>
                     <xsd:emailAddress>{EMAIL}</xsd:emailAddress>
                     <xsd:emailTypeCd>PERSONAL</xsd:emailTypeCd>
                  </xsd:partyEmailDOList>
                  <xsd:partyIdentityDOList>
                     <xsd:identityNum/>
                     <xsd:identityTypeCd>PAN</xsd:identityTypeCd>
                  </xsd:partyIdentityDOList>
                  {PED}
                  <xsd:relationCd>{RELATIONSHIP}</xsd:relationCd>
                  <xsd:roleCd>PRIMARY</xsd:roleCd>
                  <xsd:titleCd>{TITLE}</xsd:titleCd>
               </xsd:partyDOList>