<soap:Envelope xmlns:soap="http://www.w3.org/2003/05/soap-envelope" xmlns:rel="http://relinterface.insurance.symbiosys.c2lbiz.com" xmlns:xsd="http://intf.insurance.symbiosys.c2lbiz.com/xsd">
   <soap:Header/>
   <soap:Body>
      <rel:createPolicyEnhance>
         <rel:intIO>
            <xsd:policy>
               <xsd:businessTypeCd>{BUSNIESS_TYPE}</xsd:businessTypeCd>
               <xsd:baseProductId>{PRODUCT_ID}</xsd:baseProductId>
               <xsd:baseAgentId>{AGENT_ID}</xsd:baseAgentId>
               <xsd:coverType>{COVER_TYPE}</xsd:coverType>
               <xsd:partyDOList>
                  <xsd:birthDt>{DOB}</xsd:birthDt>
                  <xsd:firstName>{FNAME}</xsd:firstName>
                  <xsd:genderCd>{GENDER}</xsd:genderCd>
                  <xsd:guid>{GUID}</xsd:guid>
                  <xsd:lastName>{LNAME}</xsd:lastName>
                  <xsd:partyAddressDOList>
                     <xsd:addressLine1Lang1>{ADDR1}</xsd:addressLine1Lang1>
                     <xsd:addressLine2Lang1>{ADDR2}</xsd:addressLine2Lang1>
                     <xsd:addressTypeCd>PERMANENT</xsd:addressTypeCd>
                     <xsd:areaCd>{AREA}</xsd:areaCd>
                     <xsd:cityCd>{CITY}</xsd:cityCd>
                     <xsd:pinCode>{PINCODE}</xsd:pinCode>
                     <xsd:stateCd>{STATE}</xsd:stateCd>
                     <xsd:countryCd>IND</xsd:countryCd>
                  </xsd:partyAddressDOList>
                  <xsd:partyAddressDOList>
                     <xsd:addressLine1Lang1>{ADDR1}</xsd:addressLine1Lang1>
                     <xsd:addressLine2Lang1>{ADDR2}</xsd:addressLine2Lang1>
                     <xsd:addressTypeCd>COMMUNICATION</xsd:addressTypeCd>
                     <xsd:areaCd>{AREA}</xsd:areaCd>
                     <xsd:cityCd>{CITY}</xsd:cityCd>
                     <xsd:pinCode>{PINCODE}</xsd:pinCode>
                     <xsd:stateCd>{STATE}</xsd:stateCd>
                     <xsd:countryCd>IND</xsd:countryCd>
                  </xsd:partyAddressDOList>
                  <xsd:partyContactDOList>
                     <xsd:contactNum>{MOBILE}</xsd:contactNum>
                     <xsd:contactTypeCd>MOBILE</xsd:contactTypeCd>
                     <xsd:stdCode>+91</xsd:stdCode>
                  </xsd:partyContactDOList>
                  <xsd:partyEmailDOList>
                     <xsd:emailAddress>{EMAIL}</xsd:emailAddress>
                     <xsd:emailTypeCd>PERSONAL</xsd:emailTypeCd>
                  </xsd:partyEmailDOList>
                  <xsd:partyIdentityDOList>
                     <xsd:identityNum/>
                     <xsd:identityTypeCd>PAN</xsd:identityTypeCd>
                  </xsd:partyIdentityDOList>
                  <xsd:relationCd>SELF</xsd:relationCd>
                  <xsd:roleCd>PROPOSER</xsd:roleCd>
                  <xsd:titleCd>{TITLE}</xsd:titleCd>
               </xsd:partyDOList>
               <xsd:partyDOList>
                  <xsd:birthDt>{DOB}</xsd:birthDt>
                  <xsd:firstName>{FNAME}</xsd:firstName>
                  <xsd:genderCd>{GENDER}</xsd:genderCd>
                  <xsd:guid>{GUID}</xsd:guid>
                  <xsd:lastName>{LNAME}</xsd:lastName>
                  <xsd:partyAddressDOList>
                     <xsd:addressLine1Lang1>{ADDR1}</xsd:addressLine1Lang1>
                     <xsd:addressLine2Lang1>{ADDR2}</xsd:addressLine2Lang1>
                     <xsd:addressTypeCd>PERMANENT</xsd:addressTypeCd>
                     <xsd:areaCd>{AREA}</xsd:areaCd>
                     <xsd:cityCd>{CITY}</xsd:cityCd>
                     <xsd:pinCode>{PINCODE}</xsd:pinCode>
                     <xsd:stateCd>{STATE}</xsd:stateCd>
                     <xsd:countryCd>IND</xsd:countryCd>
                  </xsd:partyAddressDOList>
                  <xsd:partyAddressDOList>
                     <xsd:addressLine1Lang1>{ADDR1}</xsd:addressLine1Lang1>
                     <xsd:addressLine2Lang1>{ADDR2}</xsd:addressLine2Lang1>
                     <xsd:addressTypeCd>COMMUNICATION</xsd:addressTypeCd>
                     <xsd:areaCd>{AREA}</xsd:areaCd>
                     <xsd:cityCd>{CITY}</xsd:cityCd>
                     <xsd:pinCode>{PINCODE}</xsd:pinCode>
                     <xsd:stateCd>{STATE}</xsd:stateCd>
                     <xsd:countryCd>IND</xsd:countryCd>
                  </xsd:partyAddressDOList>
                  <xsd:partyContactDOList>
                     <xsd:contactNum>{MOBILE}</xsd:contactNum>
                     <xsd:contactTypeCd>MOBILE</xsd:contactTypeCd>
                     <xsd:stdCode>+91</xsd:stdCode>
                  </xsd:partyContactDOList>
                  <xsd:partyEmailDOList>
                     <xsd:emailAddress>{EMAIL}</xsd:emailAddress>
                     <xsd:emailTypeCd>PERSONAL</xsd:emailTypeCd>
                  </xsd:partyEmailDOList>
                  <xsd:partyIdentityDOList>
                     <xsd:identityNum/>
                     <xsd:identityTypeCd>PAN</xsd:identityTypeCd>
                  </xsd:partyIdentityDOList>
                  {PED_PRIMARY}
                  <xsd:isPaRequired>NO</xsd:isPaRequired>
                  <xsd:relationCd>SELF</xsd:relationCd>
                  <xsd:roleCd>PRIMARY</xsd:roleCd>
                  <xsd:titleCd>{TITLE}</xsd:titleCd>
                  <xsd:partyEmploymentDOList>
                     <xsd:occupationCd/>
                  </xsd:partyEmploymentDOList>
               </xsd:partyDOList>
               {PARTY_DO_LIST}
               <xsd:policyAdditionalFieldsDOList>
                  <!--Optional:-->
                  <xsd:field1/>
                  <!--Optional:-->
                  <xsd:field2/>
                  <!--Optional:-->
                  <xsd:field3/>
                  <xsd:field10>{NOMINEENAME}</xsd:field10>
                  <xsd:field12>{NOMINEEREL}</xsd:field12>
                  <xsd:fieldAgree>YES</xsd:fieldAgree>
                  <xsd:fieldAlerts>YES</xsd:fieldAlerts>
                  <xsd:fieldTc>YES</xsd:fieldTc>
               </xsd:policyAdditionalFieldsDOList>
               <xsd:policyNum/>
               <xsd:proposalNum/>
               <xsd:quotationReferenceNum/>
               <xsd:sumInsured>{SUM_INSURED}</xsd:sumInsured>
               <xsd:term>1</xsd:term>
               <xsd:uwDecisionCd/>
               <xsd:isPremiumCalculation>YES</xsd:isPremiumCalculation>
            </xsd:policy>
         </rel:intIO>
      </rel:createPolicyEnhance>
   </soap:Body>
</soap:Envelope>