<xsd:partyQuestionDOList>
                     <xsd:questionCd>114</xsd:questionCd>
                     <xsd:questionSetCd>PEDcancerDetails</xsd:questionSetCd>
                     <xsd:response>YES</xsd:response>
                  </xsd:partyQuestionDOList>
                  <xsd:partyQuestionDOList>
                     <xsd:questionCd>cancerExistingSince</xsd:questionCd>
                     <xsd:questionSetCd>PEDcancerDetails</xsd:questionSetCd>
                     <xsd:response>{SINCE}</xsd:response>
                  </xsd:partyQuestionDOList>