<xsd:partyQuestionDOList>
                     <xsd:questionCd>122</xsd:questionCd>
                     <xsd:questionSetCd>PEDcongenitalDetails</xsd:questionSetCd>
                     <xsd:response>YES</xsd:response>
                  </xsd:partyQuestionDOList>
                  <xsd:partyQuestionDOList>
                     <xsd:questionCd>congenitalExistingSince</xsd:questionCd>
                     <xsd:questionSetCd>PEDcongenitalDetails</xsd:questionSetCd>
                     <xsd:response>{SINCE}</xsd:response>
                  </xsd:partyQuestionDOList>