<xsd:partyQuestionDOList>
                     <xsd:questionCd>143</xsd:questionCd>
                     <xsd:questionSetCd>PEDcardiacDetails</xsd:questionSetCd>
                     <xsd:response>YES</xsd:response>
                  </xsd:partyQuestionDOList>
                  <xsd:partyQuestionDOList>
                     <xsd:questionCd>cardiacExistingSince</xsd:questionCd>
                     <xsd:questionSetCd>PEDcardiacDetails</xsd:questionSetCd>
                     <xsd:response>{SINCE}</xsd:response>
                  </xsd:partyQuestionDOList>