<xsd:partyQuestionDOList>
                     <xsd:questionCd>205</xsd:questionCd>
                     <xsd:questionSetCd>PEDdiabetesDetails</xsd:questionSetCd>
                     <xsd:response>YES</xsd:response>
                  </xsd:partyQuestionDOList>
                  <xsd:partyQuestionDOList>
                     <xsd:questionCd>diabetesExistingSince</xsd:questionCd>
                     <xsd:questionSetCd>PEDdiabetesDetails</xsd:questionSetCd>
                     <xsd:response>{SINCE}</xsd:response>
                  </xsd:partyQuestionDOList>