<xsd:partyQuestionDOList>
                     <xsd:questionCd>222</xsd:questionCd>
                     <xsd:questionSetCd>PEDEndoDetails</xsd:questionSetCd>
                     <xsd:response>YES</xsd:response>
                  </xsd:partyQuestionDOList>
                  <xsd:partyQuestionDOList>
                     <xsd:questionCd>EndocriExistingSince</xsd:questionCd>
                     <xsd:questionSetCd>PEDEndoDetails</xsd:questionSetCd>
                     <xsd:response>{SINCE}</xsd:response>
                  </xsd:partyQuestionDOList>