<xsd:partyQuestionDOList>
                     <xsd:questionCd>147</xsd:questionCd>
                     <xsd:questionSetCd>PEDHivaidsDetails</xsd:questionSetCd>
                     <xsd:response>YES</xsd:response>
                  </xsd:partyQuestionDOList>
                  <xsd:partyQuestionDOList>
                     <xsd:questionCd>hivaidsExistingSince</xsd:questionCd>
                     <xsd:questionSetCd>PEDHivaidsDetails</xsd:questionSetCd>
                     <xsd:response>{SINCE}</xsd:response>
                  </xsd:partyQuestionDOList>