<xsd:partyQuestionDOList>
                     <xsd:questionCd>207</xsd:questionCd>
                     <xsd:questionSetCd>PEDhyperTensionDetails</xsd:questionSetCd>
                     <xsd:response>YES</xsd:response>
                  </xsd:partyQuestionDOList>
                  <xsd:partyQuestionDOList>
                     <xsd:questionCd>hyperTensionExistingSince</xsd:questionCd>
                     <xsd:questionSetCd>PEDhyperTensionDetails</xsd:questionSetCd>
                     <xsd:response>{SINCE}</xsd:response>
                  </xsd:partyQuestionDOList>