<xsd:partyQuestionDOList>
                     <xsd:questionCd>502</xsd:questionCd>
                     <xsd:questionSetCd>PEDillnessDetails</xsd:questionSetCd>
                     <xsd:response>YES</xsd:response>
                  </xsd:partyQuestionDOList>
                  <xsd:partyQuestionDOList>
                     <xsd:questionCd>illnessExistingSince</xsd:questionCd>
                     <xsd:questionSetCd>PEDillnessDetails</xsd:questionSetCd>
                     <xsd:response>{SINCE}</xsd:response>
                  </xsd:partyQuestionDOList>