<xsd:partyQuestionDOList>
                     <xsd:questionCd>105</xsd:questionCd>
                     <xsd:questionSetCd>PEDjointpainDetails</xsd:questionSetCd>
                     <xsd:response>YES</xsd:response>
                  </xsd:partyQuestionDOList>
                  <xsd:partyQuestionDOList>
                     <xsd:questionCd>jointpainExistingSince</xsd:questionCd>
                     <xsd:questionSetCd>PEDjointpainDetails</xsd:questionSetCd>
                     <xsd:response>{SINCE}</xsd:response>
                  </xsd:partyQuestionDOList>