<xsd:partyQuestionDOList>
                     <xsd:questionCd>129</xsd:questionCd>
                     <xsd:questionSetCd>PEDkidneyDetails</xsd:questionSetCd>
                     <xsd:response>YES</xsd:response>
                  </xsd:partyQuestionDOList>
                  <xsd:partyQuestionDOList>
                     <xsd:questionCd>kidneyExistingSince</xsd:questionCd>
                     <xsd:questionSetCd>PEDkidneyDetails</xsd:questionSetCd>
                     <xsd:response>{SINCE}</xsd:response>
                  </xsd:partyQuestionDOList>