<xsd:partyQuestionDOList>
                     <xsd:questionCd>232</xsd:questionCd>
                     <xsd:questionSetCd>PEDliverDetails</xsd:questionSetCd>
                     <xsd:response>YES</xsd:response>
                  </xsd:partyQuestionDOList>
                  <xsd:partyQuestionDOList>
                     <xsd:questionCd>liverExistingSince</xsd:questionCd>
                     <xsd:questionSetCd>PEDliverDetails</xsd:questionSetCd>
                     <xsd:response>{SINCE}</xsd:response>
                  </xsd:partyQuestionDOList>