<xsd:partyQuestionDOList>
                     <xsd:questionCd>210</xsd:questionCd>
                     <xsd:questionSetCd>PEDotherDetails</xsd:questionSetCd>
                     <xsd:response>YES</xsd:response>
                  </xsd:partyQuestionDOList>
                  <xsd:partyQuestionDOList>
                     <xsd:questionCd>otherDiseasesDescription</xsd:questionCd>
                     <xsd:questionSetCd>PEDotherDetails</xsd:questionSetCd>
                     <xsd:response>{CONDITION}</xsd:response>
                  </xsd:partyQuestionDOList>
                  <xsd:partyQuestionDOList>
                     <xsd:questionCd>otherExistingSince</xsd:questionCd>
                     <xsd:questionSetCd>PEDotherDetails</xsd:questionSetCd>
                     <xsd:response>{SINCE}</xsd:response>
                  </xsd:partyQuestionDOList>