<xsd:partyQuestionDOList>
                     <xsd:questionCd>164</xsd:questionCd>
                     <xsd:questionSetCd>PEDparalysisDetails</xsd:questionSetCd>
                     <xsd:response>YES</xsd:response>
                  </xsd:partyQuestionDOList>
                  <xsd:partyQuestionDOList>
                     <xsd:questionCd>paralysisExistingSince</xsd:questionCd>
                     <xsd:questionSetCd>PEDparalysisDetails</xsd:questionSetCd>
                     <xsd:response>{SINCE}</xsd:response>
                  </xsd:partyQuestionDOList>