<xsd:partyQuestionDOList>
                     <xsd:questionCd>250</xsd:questionCd>
                     <xsd:questionSetCd>PEDRespiratoryDetails</xsd:questionSetCd>
                     <xsd:response>YES</xsd:response>
                  </xsd:partyQuestionDOList>
                  <xsd:partyQuestionDOList>
                     <xsd:questionCd>respiratoryExistingSince</xsd:questionCd>
                     <xsd:questionSetCd>PEDRespiratoryDetails</xsd:questionSetCd>
                     <xsd:response>{SINCE}</xsd:response>
                  </xsd:partyQuestionDOList>