<xsd:partyQuestionDOList>
                     <xsd:questionCd>504</xsd:questionCd>
                     <xsd:questionSetCd>PEDSmokeDetails</xsd:questionSetCd>
                     <xsd:response>YES</xsd:response>
                  </xsd:partyQuestionDOList>
                  <xsd:partyQuestionDOList>
                     <xsd:questionCd>OtherSmokeExistingSince</xsd:questionCd>
                     <xsd:questionSetCd>PEDSmokeDetails</xsd:questionSetCd>
                     <xsd:response>{CONDITION}</xsd:response>
                  </xsd:partyQuestionDOList>
                  <xsd:partyQuestionDOList>
                     <xsd:questionCd>SmokeExistingSince</xsd:questionCd>
                     <xsd:questionSetCd>PEDSmokeDetails</xsd:questionSetCd>
                     <xsd:response>{SINCE}</xsd:response>
                  </xsd:partyQuestionDOList>