<xsd:partyQuestionDOList>
                     <xsd:questionCd>503</xsd:questionCd>
                     <xsd:questionSetCd>PEDSurgeryDetails</xsd:questionSetCd>
                     <xsd:response>YES</xsd:response>
                  </xsd:partyQuestionDOList>
                  <xsd:partyQuestionDOList>
                     <xsd:questionCd>SurgeryExistingSince</xsd:questionCd>
                     <xsd:questionSetCd>PEDSurgeryDetails</xsd:questionSetCd>
                     <xsd:response>{SINCE}</xsd:response>
                  </xsd:partyQuestionDOList>