<InsuranceDetails>
  <CustDetails>
    <ApplFirstName>{F_NAME}</ApplFirstName>
    <ApplMiddleName />
    <ApplLastName>{L_NAME}</ApplLastName>
    <ApplDOB>{DOB}</ApplDOB>
    <ApplGender>{GENDER}</ApplGender>
    <Address1>{HNO}</Address1>
    <Address2>{STREET}</Address2>
    <Address3>{LOCALITY}</Address3>
    <State>{STATE}</State>
    <City>{CITY}</City>
    <Pincode>{PIN}</Pincode>
    <IsProposerSameAsInsured>Y</IsProposerSameAsInsured>
    <IsCustomerAcceptedPPCPED>{PPCPED}</IsCustomerAcceptedPPCPED>
    <EmailId>{EMAIL}</EmailId>
    <PhoneNo />
    <MobileNo>{MOBILE}</MobileNo>
  </CustDetails>
  <PlanDetails>
    <ProducerCd>{PRODUCER_CODE}</ProducerCd>
    <ProductCd>{PRODUCT_CODE}</ProductCd>
    <PlanCd>{PLAN_CODE}</PlanCd>
    <coverType>PLUS</coverType>
    <BasePremium>{BASE_PREMIUM}</BasePremium>
    <ServiceTax>{TAX}</ServiceTax>
    <TotalPremiumAmt>{TOTAL_PREMIUM}</TotalPremiumAmt>
    <SumInsured>{SI}</SumInsured>
    <TypeOfPlan>{PLAN_TYPE}</TypeOfPlan>
    <PolicyPeriod>{TENURE}</PolicyPeriod>
    <Deductible>{DEDUCTABLE}</Deductible>
  </PlanDetails>
  <PaymentDetails>
    <PaymentMode>CC</PaymentMode>
    <PaymentReferance>CC</PaymentReferance>
    <CoInsurance>N</CoInsurance>
  </PaymentDetails>
  <IsCustomerAuthenticationDone>1</IsCustomerAuthenticationDone> 
    <AuthenticationType>OTP</AuthenticationType> 
    <UIDNo>{UID}</UIDNo> 
  <Member>
        {ADDITIONAL_INSURED}
    </Member>
</InsuranceDetails>