{
  "ErrorText": "",
  "QuotationNumber": "3121018Q9100176860",
  "BinderPolicyBlocksList": "",
  "PremiumWorkSheetURL": "",
  "ProductBlocksList": "",
  "ProductClauseList": "",
  "ProductConditionList": "",
  "ProductExclusionList": "",
  "ProductLOVSearchResult": "",
  "ProductMetaDataList": "",
  "ProductPremiumDetails": "",
  "ProductServiceError": "",
  "ProductServiceWarning": "",
  "ProductWarrantyList": "",
  "BasicPremium": "0.0",
  "BaseTransRBFailed": "false",
  "GetApprovalMsg": "",
  "LinkID": "201806040002180",
  "LinkIDName": "Proposal ID",
  "WFErrorMsg": "",
  "WFMessageHtml": "<table border='1' style=\"border-style:solid; border-width:1px; border-color:Gray\" cellspacing=0 cellpadding=0><tr><td><b>Proposal Number</b></td><td><b>Proposal Date</b></td><td><b>Total Premium (Rs)</b></td><td><b>Customer Id</b></td><td><b>Customer Name</b></td></tr><tr><td>201806040002180</td><td>04/06/2018</td><td>13951/-</td><td>1000166852</td><td>PRASAD DARGE</td></tr></table>",
  "ItemLabel": "Customer Name",
  "ItemValue": "PRASAD DARGE",
  "WFStateAction": "~/CnfgtrMenu/CnfgtrMenuPages/GenisysConfiguratorTracker.aspx?WORKFLOW_ID=&ERROR_DATE=&ERROR_MESSAGE=&POSSIBLE_STATES=NEWPROPOSAL_COMPLETED,CREATE_NEWPROPOSAL,RECEIPT_ALLOCATION,COLLECT_PAYMENT&INITIALIZE_STATE_IDS='START_WORKFLOW','COLLECT_PAYMENT','PAYMENT_RECEIVED','RECEIPT_ALLOCATION','RECEIPT_ALLOCATION_COMPLETED','CREATE_NEWPROPOSAL','NEWPROPOSAL_COMPLETED','VEHICLE_INSPECTION','INSPECTION_COMPLETED','CHECK_QC','QC_COMPLETED','TAG_PAYMENT_PROPOSAL','PAYMENT_PROPOSAL_TAGGED','PAYMENT_REFUND_COMPLETED','PAYMENT_REFUND','START_RI','END_RI','END_COVER_NOTE','START_COVER_NOTE'",
  "WFSystemID": "W100000500764070",
  "WFTransRolledback": "false",
  "CustomWorkflowCondition": "QC,RI,PG,PR,OCN,VI",
  "EndorsementPremium": "11823.0",
  "EndorsementSI": "0.0",
  "EndorsementServiceTax": "0.0",
  "CustomPropertyCollection": "",
  "ErrorTrackingNeeded": "false",
  "ProductType": "SB",
  "PropBranchDetails_IMDBranchCode": "",
  "PropBranchDetails_IMDBranchName": "",
  "PropCalculation_CalculateRate": "true",
  "PropCalculation_Validate": "true",
  "PropCalculation_ValidateData": "false",
  "PropClauseDetails_Component51": "",
  "PropClauseDetails_DepartmentCode_Mandatary": "0.0",
  "PropClauseDetails_ProductCode_Mandatary": "0.0",
  "PropClauseDetails_SectionCode": "",
  "PropCoinsuranceDetails_AddRow": "false",
  "PropCoinsuranceDetails_CoinsuranceType": "",
  "PropCoinsuranceDetails_Commissiontobepaidbytheleader": "false",
  "PropCoinsuranceDetails_PolicyNooftheleader": "",
  "PropCoinsuranceDetails_ReferenceNumber": "",
  "PropCoinsuranceDetails_SERVTAXCOMMRCVRLEADER": "false",
  "PropCoinsuranceDetails_Servicetaxtobepaidbytheleader": "false",
  "PropCoinsuranceDetails_Validate": "True",
  "PropConditionDetails_ConditionDescription": "",
  "PropConditionDetails_DepartmentCode": "0.0",
  "PropConditionDetails_ProductCode": "0.0",
  "PropConditionDetails_SectionCode": "",
  "PropConditionDetails_SpecialConditionDescription": "",
  "PropCoverNoteDetails_CoverNoteBookNo": "",
  "PropCoverNoteDetails_CoverNoteLeafNo": "",
  "PropCoverNoteDetails_IssuedOnDt": "",
  "PropCoverNoteDetails_IsuedonTime": "",
  "PropCoverNoteDetails_LeafNo": "0.0",
  "PropCoverNoteDetails_RecievedOn": "",
  "PropCoverNoteDetails_Validate": "false",
  "PropCustomerDtls_CustomerID_Mandatary": "1000166852",
  "PropCustomerDtls_CustomerName": "PRASAD DARGE",
  "PropCustomerDtls_CustomerType": "I",
  "PropCustomerDtls_PayeeCustomerID": "",
  "PropCustomerDtls_PayeeCustomerName": "",
  "PropCustomerReferenceInfo_OldPolicyNumber": "",
  "PropCustomerReferenceInfo_PolicyConversionDate": "",
  "PropDistributionChannel_BranchDetails": "",
  "PropDistributionChannel_BusineeChannelBrunch": "",
  "PropDistributionChannel_BusineeChanneltype": "BROKER CORPORATE",
  "PropDistributionChannel_BusinessServicingChannelType": "",
  "PropDistributionChannel_BusinessSource_Mandatary": "INTERMEDIARY",
  "PropDistributionChannel_BusinessSourcetype": "",
  "PropDistributionChannel_Commision": "0.0",
  "PropDistributionChannel_EndorsementDtls": "",
  "PropDistributionChannel_FolderFilePath": "",
  "PropDistributionChannel_IntermediaryDetails": "",
  "PropDistributionChannel_MODetails": "",
  "PropDistributionChannel_OperationMode": "NEWPOLICY",
  "PropDistributionChannel_SPDetails": "",
  "PropDistributionChannel_SerIntermediaryDetails": "",
  "PropDistributionChannel_ServiceProvider": "0.0",
  "PropDistributionChannel_SpecialDiscount": "100.0",
  "PropDistributionChannel_Validate": "false",
  "PropDistributionChannel_VerticalDtls": "",
  "PropEndorsementDtls_CancelDueToClaim": "false",
  "PropEndorsementDtls_CancellationOption": "",
  "PropEndorsementDtls_CancellationReason": "",
  "PropEndorsementDtls_CertificateofVintageCar": "false",
  "PropEndorsementDtls_CoverType": "",
  "PropEndorsementDtls_DataEntryError": "false",
  "PropEndorsementDtls_DateofEndfrominsured": "",
  "PropEndorsementDtls_Description": "",
  "PropEndorsementDtls_DocForCommPrivate": "false",
  "PropEndorsementDtls_DocOfRequisition": "",
  "PropEndorsementDtls_DocProofothersspecify": "",
  "PropEndorsementDtls_DocproofforNCB": "",
  "PropEndorsementDtls_DoubleINSOption": "Automatic",
  "PropEndorsementDtls_EndorsementTypeCode": "0.0",
  "PropEndorsementDtls_INSCoName": "",
  "PropEndorsementDtls_INSCoOffCodeAdd": "",
  "PropEndorsementDtls_IsSellerInsured": "false",
  "PropEndorsementDtls_LaidUpFromDate": "",
  "PropEndorsementDtls_LaidUpToDate": "",
  "PropEndorsementDtls_LaidupVehicleCheck": "false",
  "PropEndorsementDtls_MajorRepairRenovation": "false",
  "PropEndorsementDtls_NOCFinancier": "false",
  "PropEndorsementDtls_PolicyFrom": "",
  "PropEndorsementDtls_PolicyIssueDate": "",
  "PropEndorsementDtls_PolicyNo": "",
  "PropEndorsementDtls_PolicyTo": "",
  "PropEndorsementDtls_Reasonfornametransfer": "",
  "PropEndorsementDtls_SICCode": "",
  "PropEndorsementDtls_SICName": "",
  "PropEndorsementDtls_TypeOfTransfer": "",
  "PropEndorsementDtls_TypeofEndorsement": "",
  "PropEndorsementDtls_UFormFromDate": "",
  "PropEndorsementDtls_UFormToDate": "",
  "PropEndorsementDtls_UsageinInsuredPremises": "false",
  "PropEndorsementDtls_ValuationReport": "false",
  "PropEndorsementDtls_VehicleLaidUptype": "",
  "PropEndorsementDtls_orgcertificatesurrendered": "false",
  "PropEndorsementEffectiveDate_EffectiveDate": "",
  "PropEndorsementEffectiveDate_EffectiveTime": "",
  "PropExclusionDetails_DepartmentCode": "0.0",
  "PropExclusionDetails_ProductCode": "0.0",
  "PropExclusionDetails_SectionCode": "",
  "PropFinancierDetails_AddRow": "false",
  "PropFinancierDetails_FinancierCodeGenerator": "false",
  "PropFinancierDetails_Validate": "true",
  "PropGeneralNodes_ApplicationDate": "04/06/2018",
  "PropGeneralNodes_ApplicationNo": "312018000164799",
  "PropGeneralNodes_ParentCompanyName": "",
  "PropGeneralNodes_PartnerReferanceNO": "",
  "PropGeneralNodes_RIInwardSharePercentage": "0.0",
  "PropGeneralProposalGroup_CoverNoteDetails": "",
  "PropGeneralProposalGroup_DistributionChannel": "",
  "PropGeneralProposalGroup_GeneralProposalInformation": "",
  "PropGeneralProposalInformation_ActiveFlag": "YES",
  "PropGeneralProposalInformation_ApplicationNumber": "",
  "PropGeneralProposalInformation_BankID": "0.0",
  "PropGeneralProposalInformation_BlnEndtNoBlock": "false",
  "PropGeneralProposalInformation_BranchOfficeCode": "90500",
  "PropGeneralProposalInformation_BusinessSourceInfo": "",
  "PropGeneralProposalInformation_BusinessType_Mandatary": "Roll Over",
  "PropGeneralProposalInformation_CertificateNumber": "",
  "PropGeneralProposalInformation_ChannelNumber": "",
  "PropGeneralProposalInformation_CoverNotePlace": "",
  "PropGeneralProposalInformation_CovernoteGenType": "AUTO",
  "PropGeneralProposalInformation_CustomerDtls": "",
  "PropGeneralProposalInformation_CustomerReferenceInfo": "",
  "PropGeneralProposalInformation_DealId": "",
  "PropGeneralProposalInformation_DepartmentCode": "31.0",
  "PropGeneralProposalInformation_DepartmentName": "",
  "PropGeneralProposalInformation_DisplayOfficeCode": "0500",
  "PropGeneralProposalInformation_DisplayStatus": "",
  "PropGeneralProposalInformation_EmployeeName": "",
  "PropGeneralProposalInformation_EndorsementDescription": "",
  "PropGeneralProposalInformation_EndorsementEffectiveDate": "",
  "PropGeneralProposalInformation_EndorsementNo": "0.0",
  "PropGeneralProposalInformation_EndorsementRequestType": "",
  "PropGeneralProposalInformation_EndorsementRequestTypeCode": "",
  "PropGeneralProposalInformation_EndorsementSi": "1509920.0",
  "PropGeneralProposalInformation_EndorsementType": "",
  "PropGeneralProposalInformation_EndorsementWording": "",
  "PropGeneralProposalInformation_IndustryCode": "",
  "PropGeneralProposalInformation_InwardNo": "",
  "PropGeneralProposalInformation_IsNCBApplicable": "true",
  "PropGeneralProposalInformation_IsPUP": "false",
  "PropGeneralProposalInformation_ManualCovernoteNo": "",
  "PropGeneralProposalInformation_MasterPolicy": "",
  "PropGeneralProposalInformation_MasterPolicyVersion": "",
  "PropGeneralProposalInformation_MethodOfCalculation": "GCWINUAT05",
  "PropGeneralProposalInformation_NCBpercentage": "0.0",
  "PropGeneralProposalInformation_NextB": "true",
  "PropGeneralProposalInformation_NoPrevInsuranceFlag": "false",
  "PropGeneralProposalInformation_NonLiablePeriod": "",
  "PropGeneralProposalInformation_NumCovernoteNo": "0.0",
  "PropGeneralProposalInformation_OfficeCode": "0500",
  "PropGeneralProposalInformation_OfficeName": "Bangalore",
  "PropGeneralProposalInformation_OldCovernoteNo": "",
  "PropGeneralProposalInformation_OptionForCalculation": "Yearly",
  "PropGeneralProposalInformation_POSAadhaarNo": "113334555555",
  "PropGeneralProposalInformation_POSPanNo": "BUWPM1450K",
  "PropGeneralProposalInformation_PolicyEffectivedate": "",
  "PropGeneralProposalInformation_PolicyNo": "0.0",
  "PropGeneralProposalInformation_PolicyNumberChar": "",
  "PropGeneralProposalInformation_PolicySchedule_Mandatary": "Yes",
  "PropGeneralProposalInformation_PolicyTerm": "",
  "PropGeneralProposalInformation_ProductCode": "3121.0",
  "PropGeneralProposalInformation_ProductName": "",
  "PropGeneralProposalInformation_ProposalDate_Mandatary": "04/06/2018",
  "PropGeneralProposalInformation_ProposalFormNumber": "",
  "PropGeneralProposalInformation_ProvisionalBooking": "",
  "PropGeneralProposalInformation_ProvisionalBookingReason": "",
  "PropGeneralProposalInformation_QuickId": "",
  "PropGeneralProposalInformation_QuoteNumber": "",
  "PropGeneralProposalInformation_ReInsuranceInward": "No",
  "PropGeneralProposalInformation_ReferenceNoDate": "",
  "PropGeneralProposalInformation_ReferralCode": "",
  "PropGeneralProposalInformation_RelationshipType": "",
  "PropGeneralProposalInformation_Remarks": "",
  "PropGeneralProposalInformation_RetainCancellationPremium": "",
  "PropGeneralProposalInformation_SalesTax": "",
  "PropGeneralProposalInformation_Sector_Mandatary": "Urban",
  "PropGeneralProposalInformation_SerDealId": "",
  "PropGeneralProposalInformation_ServiceTaxExemptionCategory_Mandatary": "No Exemption",
  "PropGeneralProposalInformation_TotalSi": "1509920.0",
  "PropGeneralProposalInformation_TypeOfBusiness": "",
  "PropGeneralProposalInformation_TypeOfCalculation": "",
  "PropGeneralProposalInformation_TypeOfIndustry": "",
  "PropGeneralProposalInformation_TypeOfPolicy": "SYSTEM",
  "PropGeneralProposalInformation_UWLocation": "",
  "PropGeneralProposalInformation_UWLocationCode": "",
  "PropGeneralProposalInformation_ValidationFlag": "",
  "PropGeneralProposalInformation_VehicleLaidUpFrom": "",
  "PropGeneralProposalInformation_VehicleLaidUpTo": "",
  "PropGeneralProposalInformation_covernoteissuedate": "",
  "PropGeneralProposalInformation_covernoteissuetime": "",
  "PropGeneralProposalInformation_disprntoffcd": "",
  "PropGeneralProposalInformation_iscovernoteused": "false",
  "PropGeneralProposalInformation_numTotalFee": "0.0",
  "PropGeneralProposal_ClauseDetails_Col": "",
  "PropGeneralProposal_CoinsuranceDetails_Col": "",
  "PropGeneralProposal_ConditionDetails_Col": "",
  "PropGeneralProposal_ExclusionDetails_Col": "",
  "PropGeneralProposal_FinancierDetails_Col": "",
  "PropGeneralProposal_GeneralProposalGroup": "",
  "PropGeneralProposal_IsCustomWorkflowCondition": "QC,RI,PG,PR,OCN,VI",
  "PropPreviousPolicyDetails_AddressLine2": "414, Veer Savarkar Marg,",
  "PropPreviousPolicyDetails_AddressLine3": "Near Siddhi Vinayak Temple, Prabhadevi",
  "PropPreviousPolicyDetails_AmountOfClaimsReject": "0.0",
  "PropPreviousPolicyDetails_City": "MUMBAI",
  "PropPreviousPolicyDetails_ClaimAmount": "0.0",
  "PropPreviousPolicyDetails_ClaimDate": "",
  "PropPreviousPolicyDetails_ClaimLodgedInPast": "false",
  "PropPreviousPolicyDetails_ClaimNo": "0.0",
  "PropPreviousPolicyDetails_ClaimOutstanding": "0.0",
  "PropPreviousPolicyDetails_ClaimPremium": "0.0",
  "PropPreviousPolicyDetails_ClaimReconDate": "",
  "PropPreviousPolicyDetails_ClaimSettled": "0.0",
  "PropPreviousPolicyDetails_ClaimsMode": "",
  "PropPreviousPolicyDetails_CorporateCustomerId_Mandatary": "BHARTI AXA",
  "PropPreviousPolicyDetails_Currency": "",
  "PropPreviousPolicyDetails_DateofLoss": "",
  "PropPreviousPolicyDetails_DateofSale": "",
  "PropPreviousPolicyDetails_Deductibles": "0.0",
  "PropPreviousPolicyDetails_DiscountonPremiumoffered": "0.0",
  "PropPreviousPolicyDetails_DocumentProof": "",
  "PropPreviousPolicyDetails_DurationOfInterruption": "",
  "PropPreviousPolicyDetails_FullPartiIncdtThreats": "",
  "PropPreviousPolicyDetails_IncurredClaimRatio": "0.0",
  "PropPreviousPolicyDetails_InspectionDate": "",
  "PropPreviousPolicyDetails_InspectionDone": "false",
  "PropPreviousPolicyDetails_InspectionDoneByWhom": "",
  "PropPreviousPolicyDetails_IsDataDeleted": "false",
  "PropPreviousPolicyDetails_IsOldDataDeleted": "false",
  "PropPreviousPolicyDetails_IssuingOfficeCode": "",
  "PropPreviousPolicyDetails_NCBAbroadCheck": "false",
  "PropPreviousPolicyDetails_NameOfTPA": "",
  "PropPreviousPolicyDetails_NatureOfDisease": "",
  "PropPreviousPolicyDetails_NatureofLoss": "10894",
  "PropPreviousPolicyDetails_NoOfClaims": "1.0",
  "PropPreviousPolicyDetails_NoOfClaimsOutStanding": "0.0",
  "PropPreviousPolicyDetails_NoOfClaimsPaid": "0.0",
  "PropPreviousPolicyDetails_NoOfClaimsReject": "0.0",
  "PropPreviousPolicyDetails_NoOfInsuredAtEnd": "0.0",
  "PropPreviousPolicyDetails_NoOfInsuredCovered": "0.0",
  "PropPreviousPolicyDetails_OfficeAddress": "ICICI Lombard House,",
  "PropPreviousPolicyDetails_OfficeCode": "000010",
  "PropPreviousPolicyDetails_PinCode": "",
  "PropPreviousPolicyDetails_PolicyEffectiveFrom": "06/06/2017",
  "PropPreviousPolicyDetails_PolicyEffectiveTo": "05/06/2018",
  "PropPreviousPolicyDetails_PolicyNo": "TEST/100000000",
  "PropPreviousPolicyDetails_PolicyPremium": "0.0",
  "PropPreviousPolicyDetails_PolicyVariant": "",
  "PropPreviousPolicyDetails_PolicyYear_Mandatary": "2017.0",
  "PropPreviousPolicyDetails_PreviousInsPincode": "400025",
  "PropPreviousPolicyDetails_ProductCode": "0.0",
  "PropPreviousPolicyDetails_QuantumOfClaim": "",
  "PropPreviousPolicyDetails_ReasonForNotRenewing": "",
  "PropPreviousPolicyDetails_ReferenceNo": "",
  "PropPreviousPolicyDetails_RiskCode": "20",
  "PropPreviousPolicyDetails_State": "MAHARASHTRA",
  "PropPreviousPolicyDetails_StpsTknDelInciThrtsPvntRec": "",
  "PropPreviousPolicyDetails_SumInsuredOpted": "0.0",
  "PropPreviousPolicyDetails_SumInsuredPerFamily": "0.0",
  "PropPreviousPolicyDetails_TotalClaimsAmount": "0.0",
  "PropPreviousPolicyDetails_VehicleSold": "false",
  "PropPreviousPolicyDetails_WhtrPrevPolicyCpySubmitted": "false",
  "PropPreviousPolicyDetails_claimreportedorsetteled": "",
  "PropGeneralProposal_Warranty_Col": "",
  "PropHigherExcessDiscount_HE_Disc_RateType_In": "0.0",
  "PropIntermediaryDetails_IntermediaryCode": "9699235399",
  "PropIntermediaryDetails_IntermediaryName": "Toyota Tsusho Insurance Broker India Pvt Ltd",
  "PropIntermediaryDetails_IntermediaryType": "",
  "NCB": "2775.0",
  "PropMODetails_PrimaryMOCode": "",
  "PropMODetails_PrimaryMOName": "",
  "PropMODetails_SecondaryMOCode": "",
  "PropMODetails_SecondaryMOName": "",
  "PropMODetails_TertiaryMOCode": "WEBSERVICE",
  "PropMODetails_TertiaryMOName": "QUOTE",
  "PropMotorOtherNodes_AfterFetch": "",
  "PropMotorOtherNodes_CancelationDetail": "",
  "PropMotorOtherNodes_EndorsementDtls": "",
  "PropMotorOtherNodes_GeneralNodes": "",
  "PropMotorOtherNodes_validate_aftercalc": "True",
  "PropMotorOtherNodes_validate_beforecalc": "True",
  "PropNonLiablePeriod_NonLiableEndTime": "",
  "PropNonLiablePeriod_NonLiableFromDate": "",
  "PropNonLiablePeriod_NonLiableStartTime": "",
  "PropNonLiablePeriod_NonLiableToDate": "",
  "PropParameters_AddClause": "false",
  "PropParameters_AddCondition": "false",
  "PropParameters_AddExclusion": "false",
  "PropParameters_AddWarranty": "false",
  "PropParameters_AfterFetch": "true",
  "PropParameters_ClauseApplicable": "true",
  "PropParameters_CoInsuranceApplicability": "true",
  "PropParameters_CommissionApplicable": "true",
  "PropParameters_ConditionApplicable": "true",
  "PropParameters_CoverNoteApplicability": "true",
  "PropParameters_EQHigherExcessDiscount": "false",
  "PropParameters_ExclusionApplicable": "true",
  "PropParameters_FamilyPackageDiscount": "false",
  "PropParameters_FinancierApplicability": "true",
  "PropParameters_FloaterRiskLoading": "false",
  "PropParameters_GroupDiscount": "false",
  "PropParameters_HighClaimLoading": "false",
  "PropParameters_HigherExcessDiscount": "false",
  "PropParameters_Installment": "false",
  "PropParameters_LongTermPolicy": "true",
  "PropParameters_LowClaimDiscount": "false",
  "PropParameters_MinimumPremium": "true",
  "PropParameters_NoClaimDiscount": "false",
  "PropParameters_OverageLoading": "false",
  "PropParameters_PasPolicyApplicable": "",
  "PropParameters_PastPolicyApplicable": "false",
  "PropParameters_PolicyCancellation": "false",
  "PropParameters_PopulateTransactionBegin": "true",
  "PropParameters_PreviousPolicyApplicable": "",
  "PropParameters_RenewalAllowed": "true",
  "PropParameters_SectionDiscount": "false",
  "PropParameters_ServiceTaxExempted": "false",
  "PropParameters_ShortPeriodLongPeriod": "true",
  "PropParameters_SpecialDiscountApplicable": "true",
  "PropParameters_StaffDiscount": "false",
  "PropParameters_StampDutyChargeable": "false",
  "PropParameters_TariffProduct": "true",
  "PropParameters_TransferFees": "false",
  "PropParameters_VDFDiscountAllowed": "false",
  "PropParameters_ValidateClause": "true",
  "PropParameters_ValidateCondition": "true",
  "PropParameters_ValidateEndorsementData": "true",
  "PropParameters_ValidateExclusion": "true",
  "PropParameters_ValidateWarranty": "true",
  "PropParameters_WarrentyApplicable": "true",
  "PropPolicyCoverDetails_Applicable": "false",
  "PropPolicyCoverDetails_CoverGroups": "",
  "PropPolicyCoverDetails_DifferentialSI": "0.0",
  "PropPolicyCoverDetails_EndorsementAmount": "0.0",
  "PropPolicyCoverDetails_Premium": "0.0",
  "PropPolicyCoverDetails_Rate": "0.0",
  "PropPolicyCoverDetails_SumInsured": "0.0",
  "PropPolicyEffectivedate_Fromdate_Mandatary": "06/06/2018",
  "PropPolicyEffectivedate_Fromhour_Mandatary": "00:00",
  "PropPolicyEffectivedate_Todate_Mandatary": "05/06/2019",
  "PropPolicyEffectivedate_Tohour_Mandatary": "23:59",
  "PropPremiumCalculation_BasicPremium": "14012.99",
  "PropPremiumCalculation_Cess": "0.0",
  "PropPremiumCalculation_CustomCoverLDPremium": "11099.99",
  "PropPremiumCalculation_ERFAmount": "0.0",
  "PropPremiumCalculation_EndorsementERFAmount": "0.0",
  "PropPremiumCalculation_EndorsementGST": "0.0",
  "PropPremiumCalculation_EndorsementPremium": "11823.0",
  "PropPremiumCalculation_EndorsementServiceTax": "2128.0",
  "PropPremiumCalculation_EndorsementStampDuty": "0.5",
  "PropPremiumCalculation_EndorsementTerrorismPremium": "0.0",
  "PropPremiumCalculation_GST": "0.0",
  "PropPremiumCalculation_GrossCoverPremium": "11099.99",
  "PropPremiumCalculation_NetODPremium": "8810.0",
  "PropPremiumCalculation_NetPremium": "11823.0",
  "PropPremiumCalculation_NetTPPremium": "3013.0",
  "PropPremiumCalculation_SP_PR_LTFactor": "1.0",
  "PropPremiumCalculation_ServiceTax": "2128.0",
  "PropPremiumCalculation_StampDuty": "0.5",
  "PropPremiumCalculation_StampDutyApplicability": "false",
  "PropPremiumCalculation_TerrorismPremium": "0.0",
  "PropPremiumCalculation_TotalPremium": "13951.0",
  "PropPremiumCalculation_TransferFeeAmount": "0.0",
  "PropPreviousPolicyDetails_AddRow": "false",
  "PropPreviousPolicyDetails_CalculateClaimRatio": "false",
  "PropPreviousPolicyDetails_ClaimRatio": "0.0",
  "PropPreviousPolicyDetails_Combo1": "",
  "PropPreviousPolicyDetails_FirstPolicyInceptionDate": "",
  "PropPreviousPolicyDetails_InceptionYear": "0.0",
  "PropPreviousPolicyDetails_NCBPercentage": "20.0",
  "PropPreviousPolicyDetails_OldTariffSlab": "false",
  "PropPreviousPolicyDetails_PreviousPolicyType": "PackageComprehensive",
  "PropPreviousPolicyDetails_Validate": "true",
  "PropProductDetails_Component17": "",
  "PropProductDetails_DepartmentCode": "0.0",
  "PropProductDetails_ProductCode": "3121.0",
  "PropProductDetails_ProductName": "",
  "PropProductName": "PrivateCarInsurancePolicy",
  "PropReferenceNoDate_ReferenceDate_Mandatary": "04/06/2018",
  "PropReferenceNoDate_ReferenceNo_Mandatary": "2.0180604000218E14",
  "PropRisks_AAOmembershipno": "",
  "PropRisks_ABS": "false",
  "PropRisks_AddOnChoiceOpted": "Choice 1",
  "PropRisks_AddOnDiscnt": "0.0",
  "PropRisks_AddOnPlanSelected": "GOLD",
  "PropRisks_AddTowingAmount": "",
  "PropRisks_AddTowingCharges": "false",
  "PropRisks_Age": "30.0",
  "PropRisks_AgeCoverageDetails": "35.0",
  "PropRisks_Airbag": "false",
  "PropRisks_AllowanceDaysAccCourtHireCar": "0.0",
  "PropRisks_AllowanceDaysAccident": "0.0",
  "PropRisks_AllowanceDaysTheftTotal": "0.0",
  "PropRisks_AllowanceDaystheft": "0.0",
  "PropRisks_Amount": "0.0",
  "PropRisks_AntiTheftCheck": "false",
  "PropRisks_AnyOtherTataAigProduct": "",
  "PropRisks_ApplicableDocuments": "",
  "PropRisks_AuthorityLocation": "Dombivli",
  "PropRisks_AutoMobileAssocName": "",
  "PropRisks_AutoTransmission": "false",
  "PropRisks_AutomobileAssociC": "false",
  "PropRisks_AverageMonthlySalary": "",
  "PropRisks_Bangladesh": "false",
  "PropRisks_BasisOfRating": "Campaign",
  "PropRisks_Bhutan": "false",
  "PropRisks_BuildingSecurity": "",
  "PropRisks_CNGLPGkitValue": "0.0",
  "PropRisks_Campaign": "10733-1",
  "PropRisks_CampaignFixAmt": "4994.9955",
  "PropRisks_CapitalSIPerPerson": "0.0",
  "PropRisks_CertifiedVintageCarByCarClub": "false",
  "PropRisks_ChasisNo": "",
  "PropRisks_ChassisNumber": "1111111111",
  "PropRisks_ChkForGeographical": "false",
  "PropRisks_ChkForRacing": "false",
  "PropRisks_City": "PUNE",
  "PropRisks_CityCode": "",
  "PropRisks_CityWherePrimarilyUsed": "Dombivli",
  "IsOptionalCover": "false",
  "TP": "2863.0",
  "OD": "11099.99",
  "KEYREPLACE": "265.0",
  "LPB": "110.0",
  "REPAIR_OF_GLASS": "0.0",
  "RSAC": "0.0",
  "ET_HOTELEXPENSES": "110.0",
  "PA": "100.0",
  "PropRisks_DifferentialSI": "0.0",
  "PropRisks_EndorsementAmount": "50.0",
  "PropRisks_IsDataDeleted": "false",
  "PropRisks_IsOldDataDeleted": "false",
  "PropRisks_Premium": "50.0",
  "PropRisks_Rate": "0.0",
  "PropRisks_SumInsured": "0.0",
  "PropRisks_VehicleSIComponent": "LegalLiabilityforpaiddrivercleanerconductor",
  "LL": "50.0",
  "PropRisks_Colorofthevehicle": "",
  "PropRisks_CompForVolExc1": "0.0",
  "PropRisks_CompForVolExc2": "0.0",
  "PropRisks_CompForVolExc3": "0.0",
  "PropRisks_CompForVolExc4": "0.0",
  "PropRisks_CompulsoryExcess": "1000.0",
  "PropRisks_CompulsoryPAwithOwnerDriver": "true",
  "PropRisks_ConsumableExpensLoading": "",
  "PropRisks_ConsumablesExpenses": "false",
  "PropRisks_CountryCode": "",
  "PropRisks_CountryForRTO": "INDIA",
  "PropRisks_CourtesyHireCar": "false",
  "PropRisks_CourtseyFranchiDay": "0.0",
  "PropRisks_CubicCapacity": "1498.0",
  "PropRisks_CustomerLoyaltyDiscount": "false",
  "PropRisks_CvrPrm": "0.0",
  "PropRisks_DailyAllowance": "false",
  "PropRisks_DateOfBirth": "",
  "PropRisks_DateofRegistration": "07/06/2016",
  "PropRisks_Dateofpurchase": "07/06/2016",
  "PropRisks_DepreciationReimbursement": "false",
  "PropRisks_DiscDeprctionreimburment": "0.0",
  "PropRisks_DiscntEmerTrnsportHotelExp": "0.0",
  "PropRisks_DiscntEmrgncyMedicalExp": "0.0",
  "PropRisks_DiscntHomeProtectSublt": "0.0",
  "PropRisks_DiscntPersonalTripEffect": "0.0",
  "PropRisks_DiscntPrm": "0.0",
  "PropRisks_Discount": "45",
  "PropRisks_DiscountConsumbleExpense": "0.0",
  "PropRisks_DiscountCourtesyHireCar": "0.0",
  "PropRisks_DiscountDailyAllowance": "0.0",
  "PropRisks_DiscountEngineSecure": "0.0",
  "PropRisks_DiscountGPA": "0.0",
  "PropRisks_DiscountKeyReplacement": "0.0",
  "PropRisks_DiscountLossPersnalbelong": "0.0",
  "PropRisks_DiscountNCBProtection": "0.0",
  "PropRisks_DiscountNewCarRplacmnt": "2.29",
  "PropRisks_DiscountRepirGlasFiber": "0.0",
  "PropRisks_DiscountReturnInvoice": "0.0",
  "PropRisks_DiscountRoadSideAssis": "0.0",
  "PropRisks_DiscountTyreSecure": "0.0",
  "PropRisks_District": "PUNE",
  "PropRisks_DistrictCode": "",
  "PropRisks_Drivingexperience": "8.0",
  "PropRisks_Educationalqualification": "",
  "PropRisks_ElectricalAccessories": "0.0",
  "PropRisks_EmergTrnsprtAndHotelExpensIDV": "10000.0",
  "PropRisks_EmergencyMedicalExpenses": "false",
  "PropRisks_EmployeeDiscountMod": "",
  "PropRisks_EmployeesDiscount": "false",
  "PropRisks_EngineSecure": "false",
  "PropRisks_EngineSecureOptions": "",
  "PropRisks_Engineno": "111111111111",
  "PropRisks_EntitledforNCB": "Yes",
  "PropRisks_EventName": "",
  "PropRisks_Expirydate": "05/06/2019",
  "PropRisks_FirstName": "ABC",
  "PropRisks_FleetDiscount": "",
  "PropRisks_FleetFixAmt": "0.0",
  "PropRisks_ForUWLoading": "11099.99",
  "PropRisks_FranchiseDays": "0.0",
  "PropRisks_Franchisee": "",
  "PropRisks_FromDateForRacing": "",
  "PropRisks_FromDateForRallies": "",
  "PropRisks_FromDateUForm": "",
  "PropRisks_FromDateVehicleLaidup": "",
  "PropRisks_FuelType": "Petrol",
  "PropRisks_FuelUsed": "false",
  "PropRisks_GLMRate": "0.0",
  "PropRisks_Gender": "MALE",
  "PropRisks_Geographicalareaextention": "false",
  "PropRisks_GroupPersonalAccident": "false",
  "PropRisks_HomeAway": "false",
  "PropRisks_IDVofthevehicle": "632460.0",
  "PropRisks_ImposedExcessAmount": "0.0",
  "PropRisks_ImprtdVehcleWoutPaymtCustmDuty": "false",
  "PropRisks_InsuredHasDrivinglicense": "true",
  "PropRisks_IsCNGLPGKitinsuredinPIP": "false",
  "PropRisks_IsNewRateApplicable": "false",
  "PropRisks_IsVehcleUsdForDrivngTuitions": "false",
  "PropRisks_IsVehicle": "",
  "PropRisks_IsVehicleUsedforblindpersons": "false",
  "PropRisks_IsVehicleusedlimitedtopremises": "false",
  "PropRisks_Issuer": "0.0",
  "PropRisks_KeyReplacement": "true",
  "PropRisks_LastName": "XYZ",
  "PropRisks_LdngPrm": "0.0",
  "PropRisks_LegalLiabilityToEmployees": "false",
  "PropRisks_LiabilityToSoldierSailorAirMan": "false",
  "PropRisks_Lifemember": "false",
  "PropRisks_LiscenseNo": "",
  "PropRisks_Liscenseissuingauthority": "",
  "PropRisks_LoadConsumbleExpense": "0.0",
  "PropRisks_LoadDeprctionreimburment": "0.0",
  "PropRisks_LoadEmerTrnsportHotelExp": "0.0",
  "PropRisks_LoadEmrgencyMedicalExp": "0.0",
  "PropRisks_LoadHomeProtectSublt": "0.0",
  "PropRisks_LoadPersonalTripEffect": "0.0",
  "PropRisks_LoadingCourtesyHireCar": "0.0",
  "PropRisks_LoadingDailyAllowance": "0.0",
  "PropRisks_LoadingDiscountOnAddOnCovers": "0.0",
  "PropRisks_LoadingEngineSecure": "0.0",
  "PropRisks_LoadingGPA": "0.0",
  "PropRisks_LoadingKeyReplacement": "0.0",
  "PropRisks_LoadingLossPersnalbelong": "0.0",
  "PropRisks_LoadingNCBProtection": "0.0",
  "PropRisks_LoadingNewCarRplacmnt": "632460.0",
  "PropRisks_LoadingRepirGlasFiber": "0.0",
  "PropRisks_LoadingReturnInvoice": "0.0",
  "PropRisks_LoadingRoadSideAssis": "0.0",
  "PropRisks_LoadingTyreSecure": "0.0",
  "PropRisks_LocationCode": "",
  "PropRisks_LossOfPersonalBelongings": "true",
  "PropRisks_MainDriver": "Paid Driver",
  "PropRisks_Maldives": "false",
  "PropRisks_Manufacture": "NISSAN",
  "PropRisks_ManufactureMonth": "1.0",
  "PropRisks_ManufactureYear": "2016.0",
  "PropRisks_ManufacturerCode": "66",
  "PropRisks_MaritalStatus": "MARRIED",
  "PropRisks_Model": "SUNNY",
  "PropRisks_ModelCode": "103029",
  "PropRisks_ModelVariant": "XE",
  "PropRisks_MonthlyMileage": "",
  "PropRisks_NCBConfirmation": "",
  "PropRisks_NCBProtRatePop": "0.0",
  "PropRisks_NCBProtectionCover": "false",
  "PropRisks_NCBRatePop": "25.0",
  "PropRisks_NCPrm": "11099.99",
  "PropRisks_NameOfNominee": "ABC XYZ",
  "PropRisks_Nepal": "false",
  "PropRisks_NewCarReplacement": "false",
  "PropRisks_NoClaimBonusApplicable": "25.0",
  "PropRisks_NoOfAccidents": "0.0",
  "PropRisks_NoOfClaimFreeYearsCompleted": "2.0",
  "PropRisks_NoOfClaimsDepreciation": "0.0",
  "PropRisks_NoOfClaimsNCBProtection": "1.0",
  "PropRisks_NoOfCylinders": "0.0",
  "PropRisks_NoOfPersonWiderLegalLiability": "1.0",
  "PropRisks_NoOfPersonsLiabilityEmployee": "0.0",
  "PropRisks_NoOfPersonsNamed": "0.0",
  "PropRisks_NoOfPersonsPaidDriver": "0.0",
  "PropRisks_NonElectricalAccessories": "0.0",
  "PropRisks_NumberOfClaims": "0.0",
  "PropRisks_NumberOfDrivers": "0.0",
  "PropRisks_NumberofPersonsUnnamed": "0.0",
  "PropRisks_NumberofViolationsConvictions": "0.0",
  "PropRisks_ODOMETERReading": "",
  "PropRisks_Occupation": "",
  "PropRisks_OpenCvrNo": "false",
  "PropRisks_OriginalNCBPercentage": "25.0",
  "PropRisks_OtherChk1": "false",
  "PropRisks_OtherChk2": "false",
  "PropRisks_OtherChk3": "false",
  "PropRisks_OtherChk4": "false",
  "PropRisks_OtherInfo4": "0",
  "PropRisks_OtherInfoP": "SLDocumentManagement.xap",
  "PropRisks_OtherInformation11": "",
  "PropRisks_OtherInformation12": "",
  "PropRisks_OtherInformation13": "",
  "PropRisks_OtherInformation14": "",
  "PropRisks_OtherInformation1N": "0.0",
  "PropRisks_OtherInformation1T": "19219",
  "PropRisks_OtherInformation2n": "0.0",
  "PropRisks_OtherInformation3T": "",
  "PropRisks_OtherInformation4N": "0.0",
  "PropRisks_OtherInformation4T": "",
  "PropRisks_OtherInformation5N": "0.0",
  "PropRisks_OtherNumeric11": "0.0",
  "PropRisks_OtherNumeric12": "0.0",
  "PropRisks_OtherTxt1": "",
  "PropRisks_OtherTxt2": "",
  "PropRisks_Pakistan": "false",
  "PropRisks_PerDayAllowance": "",
  "PropRisks_PeriodFrom": "06/06/2018",
  "PropRisks_PeriodTo": "05/06/2019",
  "PropRisks_PeriodofLaidup": "false",
  "PropRisks_PersnalExtndedProtctionPolPEPP": "false",
  "PropRisks_PersonalTripEffects": "false",
  "PropRisks_Pincode": "411024.0",
  "PropRisks_PolicyAge": "New Business",
  "PropRisks_PolicyNoEmployeeDiscount": "",
  "PropRisks_PolicyNumber": "",
  "PropRisks_PostOffice": "PUNE",
  "PropRisks_PreSourceApproval": "false",
  "PropRisks_PrevYearNCB": "",
  "PropRisks_PreviousAccidentHistory": "0.0",
  "PropRisks_PromoterName": "",
  "PropRisks_ProposalType": "Rollover",
  "PropRisks_ProtectedNCB": "0.0",
  "PropRisks_RTOCode": "MH-05",
  "PropRisks_RTOGroupCode": "36.0",
  "PropRisks_RallyCheck": "false",
  "PropRisks_RatForUWDisc": "",
  "PropRisks_RateForReliabOD": "0.0",
  "PropRisks_RateForReliabTP": "0.0",
  "PropRisks_RatioofAOAinAOY": "1:1",
  "PropRisks_RegNoNotRequired": "false",
  "PropRisks_RegistrationAddressSameComm": "true",
  "PropRisks_RegistrationNoAsPerOldLogic": "true",
  "PropRisks_RegistrationNumber": "MH",
  "PropRisks_RegistrationNumber2": "05",
  "PropRisks_RegistrationNumber3": "DF",
  "PropRisks_RegistrationNumber4": "6565",
  "PropRisks_RegistrationNumber5": "",
  "PropRisks_Registrationaddressline1": "TEST HOUSE",
  "PropRisks_Registrationaddressline2": "TEST STREET",
  "PropRisks_Registrationaddressline3": "TEST LOCALITY",
  "PropRisks_Relationship": "OTHERS",
  "PropRisks_RelationshipToTheInsured": "",
  "PropRisks_ReliabilityTrialCheck": "false",
  "PropRisks_Reliabilitytrialorracingdate": "",
  "PropRisks_Reliabilitytrialorracingtodate": "",
  "PropRisks_RepairOfGlasPlastcFibNRubrGlas": "true",
  "PropRisks_ReturnToInvoice": "false",
  "PropRisks_RiskVariant": "PackageComprehensive",
  "PropRisks_RiskVariantSection": "",
  "PropRisks_RoadsideAssistance": "true",
  "PropRisks_SIForHomeAway": "0.0",
  "PropRisks_SIForPersonalTrip": "0.0",
  "PropRisks_STax": "No",
  "PropRisks_SeatingCapacity": "5.0",
  "PropRisks_SriLanka": "false",
  "PropRisks_State": "MAHARASHTRA",
  "PropRisks_StateCode": "",
  "PropRisks_SumAssuredAOA": "10000.0",
  "PropRisks_SumAssuredAOY": "10000.0",
  "PropRisks_SumAssuredEmergencyMedExp": "0.0",
  "PropRisks_SumAssuredKeyReplacement": "25000.0",
  "PropRisks_SumAssuredLossOfPersonalBelong": "10000.0",
  "PropRisks_SumInsuredPaidDriver": "0.0",
  "PropRisks_TPCoverCndtn": "true",
  "PropRisks_TPPDRestictDD": "0.0",
  "PropRisks_TPPDRestricted": "false",
  "PropRisks_Taluk": "",
  "PropRisks_TalukCode": "",
  "PropRisks_TheftTarget": "false",
  "PropRisks_ThreeWheelerHandicapCheck": "false",
  "PropRisks_TieProducer": "0",
  "PropRisks_ToDateForRacing": "",
  "PropRisks_ToDateForRallies": "",
  "PropRisks_ToDateUForm": "",
  "PropRisks_ToDateVehicleLaidup": "",
  "PropRisks_TotalInsuredDeclaredValue": "632460.0",
  "PropRisks_TypeOfAdjustment": "",
  "PropRisks_TypeOfRoad": "",
  "PropRisks_TypeofTransmission": "",
  "PropRisks_TypeofWheelRim": "",
  "PropRisks_Typeofbody": "SALOON",
  "PropRisks_TyreSecure": "false",
  "PropRisks_TyreSecureOption": "",
  "PropRisks_UForm": "",
  "PropRisks_UnderwritingDiscount": "",
  "PropRisks_UserEnteredPremium": "0.0",
  "PropRisks_UserName": "",
  "PropRisks_UserType": "",
  "PropRisks_Variant": "",
  "PropRisks_VariantCode": "1806",
  "PropRisks_VehcleFitWithFibrGlasFuelTank": "false",
  "PropRisks_VehicleAge_Mandatary": "2.0",
  "PropRisks_VehicleInspection": "false",
  "PropRisks_VehicleParkingplace": "",
  "PropRisks_VehiclePurchaseAs": "",
  "PropRisks_VehicleSegment": "Mid Size",
  "PropRisks_VehicleType": "Indigenous",
  "PropRisks_VehicleTypeCode": "45",
  "PropRisks_VehicleUse": "Social, Domestic, Pleasure & Professional",
  "PropRisks_VoluntaryDeductibleAmount": "0.0",
  "PropRisks_WiderLegalLiabilityToPaid": "true",
  "PropRisks_YearLicensed": "2010.0",
  "PropRisks_Zone_Mandatary": "Zone-B",
  "PropSPDetails_SPCode": "",
  "PropSPDetails_SPName": "",
  "PropSerIntermediaryDetails_SerIntermediaryCode": "",
  "PropSerIntermediaryDetails_SerIntermediaryName": "",
  "PropSerIntermediaryDetails_SerIntermediaryType": "",
  "PropServiceTaxExemptionCategory_Component43": "",
  "PropVerticalDtls_PrimaryVerticalCode": "",
  "PropVerticalDtls_PrimaryVerticalName": "",
  "PropVerticalDtls_SecondaryVerticalCode": "",
  "PropVerticalDtls_SecondaryVerticalName": "",
  "PropVerticalDtls_TertiaryVerticalCode": "",
  "PropVerticalDtls_TertiaryVerticalName": "",
  "PropWarranty_DepartmentCode": "0.0",
  "PropWarranty_ProductCode": "0.0",
  "PropWarranty_SectionCode": "",
  "BlockID": "0",
  "CurrencyCode": "",
  "ExchangeRate": "0.0",
  "NetPremium": "11823.0",
  "SectionID": "0",
  "TotalSI": "1509920.0",
  "PolicyNo": "",
  "ProposalNo": "201806040002180",
  "RulesMessage": "",
  "ServiceTax": "2128.0",
  "StampDuty": "0.0",
  "TotalPremium": "13951.0",
  "UWPartialDataXml": "",
  "WarningText": "",
  "UWProposalDataXml": ""
}